mov,push,call,pop,cmp,jz,lea,test,jmp,add,jnz,retn,xor,and,bt,fdivp,fild,fstcw,imul,int,nop,pushf,rdtsc,sbb,setb,setle,shld,std,(bad),labels
40,20,10,21,9,0,4,6,15,262,0,0,14,10,0,0,0,0,4,2,13,0,0,6,0,0,0,2,34,b
299,127,106,76,67,0,18,59,143,1207,0,0,94,266,0,0,1,0,69,9,53,1,0,24,1,0,0,35,200,b
91666,18314,33370,19475,6851,0,8279,10215,11056,64920,0,0,13510,10654,3,10,34,0,6049,991,9574,207,0,4159,14,15,0,121,22428,b
7306,1922,2338,1050,1213,0,431,1001,1131,7952,0,0,1266,1709,0,0,4,0,838,176,560,2,0,201,11,0,0,368,2451,b
2057,348,567,269,311,0,159,348,456,2479,0,0,380,274,2,0,1,0,106,45,198,3,0,85,1,0,0,105,489,b
1896,316,594,325,487,0,465,168,338,1815,0,0,199,151,0,0,0,0,96,28,154,2,0,91,0,0,0,118,376,b
20745,1752,2938,1547,2931,0,1668,2061,2053,10653,0,0,1951,1789,6,0,6,0,524,70,1561,29,0,610,17,0,0,595,2301,b
355,121,144,72,39,0,7,13,119,1743,0,0,126,431,0,0,1,0,137,68,20,0,0,20,0,0,0,6,246,b
210,28,30,22,19,0,6,19,32,362,0,0,17,43,0,0,0,0,22,15,14,2,0,8,0,0,0,30,48,b
86,43,31,33,24,0,10,7,47,498,0,0,22,19,0,0,0,0,18,2,19,0,0,9,0,0,0,17,83,b
35,17,7,21,9,0,4,7,15,253,0,0,12,8,0,0,0,0,4,2,16,0,0,7,0,0,0,1,36,b
981,112,230,104,208,0,80,141,140,996,0,0,147,118,0,0,0,0,42,14,108,1,0,25,0,0,0,243,169,b
560,68,52,50,78,0,50,47,105,1637,0,0,74,42,0,0,1,0,44,3,24,1,0,26,4,0,0,29,101,b
63595,7461,14634,9106,10306,0,4608,10854,8817,59881,0,0,7462,18387,119,3,48,0,3022,4082,8037,85,0,2344,12,15,0,928,11874,b
39,21,11,23,9,0,3,7,16,272,0,0,12,8,0,0,0,0,4,2,18,0,0,10,0,0,0,3,53,b
1020,348,176,246,190,0,72,91,216,1261,0,0,187,243,0,0,1,0,93,82,74,2,0,17,0,0,0,57,240,b
464,120,115,70,77,0,42,50,118,828,0,0,101,72,0,0,0,0,20,33,40,0,0,13,0,0,0,87,106,b
45,23,12,21,10,0,3,8,24,305,0,0,12,8,0,0,0,0,6,2,13,1,0,8,0,0,0,3,40,b
1291,347,404,138,208,0,480,91,199,2134,0,0,313,424,1,0,0,0,71,10,149,1,0,33,0,0,0,71,276,b
2389,462,543,406,276,0,85,307,397,3826,0,0,409,1063,1,0,1,0,502,56,249,2,0,95,2,0,0,3,767,b
3740,739,1126,690,495,0,669,709,833,4000,0,0,893,670,0,0,2,0,261,135,495,11,0,197,3,0,0,211,1115,b
6079,181,656,164,1492,0,328,396,483,1461,0,0,517,1397,0,0,0,0,169,6,222,0,0,39,0,0,0,117,347,b
1042,162,259,119,95,0,57,126,154,1163,0,0,86,103,0,0,1,0,44,30,88,2,0,36,0,0,0,30,214,b
35,20,8,20,9,0,3,5,16,259,0,0,11,10,0,0,0,0,4,3,16,0,0,8,0,0,0,1,34,b
1122,239,444,169,137,0,28,179,351,2796,0,0,157,60,1,0,0,0,53,29,260,2,0,74,0,0,0,405,526,b
103,54,34,56,13,0,6,9,62,707,0,0,35,26,0,0,0,0,58,2,14,0,0,8,0,0,0,0,100,b
1762,334,376,289,188,0,255,134,319,2214,0,0,333,211,5,0,2,0,63,30,144,2,0,103,1,0,0,124,483,b
36,19,7,20,9,0,3,5,16,262,0,0,12,9,0,0,0,0,4,3,16,0,0,8,0,0,0,1,35,b
2443,729,844,732,153,0,118,168,748,5165,0,0,409,171,6,0,0,0,340,33,179,3,0,110,0,0,0,0,944,b
34,17,6,19,9,0,3,5,14,253,0,0,12,8,0,0,0,0,4,2,16,0,0,8,0,0,0,1,34,b
480,187,105,148,74,0,41,47,117,934,0,0,105,127,0,0,0,0,39,38,44,1,0,22,0,0,0,29,147,b
6195,945,1437,970,760,0,352,793,963,5230,0,0,1094,1114,7,0,2,0,626,185,446,8,0,167,6,0,0,486,1402,b
291,52,69,42,37,0,17,31,85,615,0,0,64,52,0,0,0,0,31,83,23,0,0,7,0,0,0,32,96,b
3375,698,901,492,583,0,583,644,728,4614,0,0,579,510,0,0,1,0,210,53,415,5,0,118,4,0,0,1144,905,b
8017,1037,1759,964,1536,0,492,1020,1270,5961,0,0,1218,1134,5,0,3,0,301,66,927,13,0,275,2,0,0,117,1403,b
202,64,44,52,41,0,30,34,67,595,0,0,45,55,0,0,0,0,24,5,32,0,0,18,0,0,0,63,94,b
15716,2075,3219,1974,1797,0,1620,2311,2090,14261,0,0,2080,3173,10,0,3,0,1174,497,1209,22,0,444,2,1,0,2699,2918,b
1472,347,512,323,91,0,33,192,355,2378,0,0,335,324,0,0,0,0,192,193,124,1,0,48,0,0,0,541,551,b
1848,323,370,241,205,0,155,263,340,1734,0,0,209,168,0,0,0,0,44,22,69,7,0,56,0,0,0,99,375,b
49,25,16,20,11,0,6,5,30,343,0,0,13,10,0,0,0,0,5,5,14,0,0,7,0,0,0,3,51,b
98,45,27,28,10,0,7,7,19,363,0,0,12,13,0,0,0,0,4,2,15,1,0,14,0,0,0,7,75,b
112,31,30,22,17,0,15,9,35,419,0,0,13,11,0,0,0,0,7,2,14,0,0,7,0,0,0,2,47,b
33118,3754,5620,3211,8052,0,3654,3433,5676,23887,0,0,3483,3259,25,0,2,0,906,264,1377,93,0,896,14,2,0,1889,4653,b
885,117,200,81,179,0,77,121,147,1074,0,0,154,133,0,0,1,0,51,126,82,0,0,24,1,0,0,86,215,b
38,20,7,20,12,0,3,5,15,262,0,0,11,11,0,0,0,0,4,3,16,0,0,8,0,0,0,1,33,b
34,22,10,21,9,0,3,5,18,269,0,0,11,8,0,0,0,0,4,2,19,0,0,9,0,0,0,3,36,b
10823,1155,1678,919,1488,0,712,1202,1188,5843,0,0,1116,3318,5,0,0,0,708,294,748,5,0,293,0,2,0,2477,1544,b
49,29,19,27,9,0,3,17,21,301,0,0,15,11,0,0,0,0,4,2,27,0,0,11,0,0,0,1,55,b
37,25,11,21,10,0,3,5,20,286,0,0,11,9,0,0,0,0,4,3,14,0,0,7,0,0,0,3,39,b
46,20,9,19,10,0,4,5,17,256,0,0,11,8,0,0,0,0,5,3,15,0,0,9,0,0,0,2,34,b
36,17,6,20,8,0,3,5,15,252,0,0,13,8,0,0,0,0,4,2,15,0,0,8,0,0,0,1,34,b
40,24,12,21,11,0,4,5,24,322,0,0,14,11,0,0,0,0,7,2,14,0,0,6,0,0,0,2,44,b
15237,1748,3290,1926,2062,0,1583,2401,2025,10381,0,0,2120,2899,7,0,6,0,577,192,1238,9,0,435,9,0,0,558,2737,b
34,18,7,19,9,0,3,5,14,253,0,0,13,8,0,0,0,0,4,2,14,0,0,8,0,0,0,1,35,b
38260,24357,6543,19229,9311,0,1628,4663,4454,32063,0,0,8340,79107,39,1,38,0,12148,448,3126,45,0,887,25,9,0,4740,31837,b
1782,396,352,248,288,0,119,166,233,1581,0,0,366,764,1,0,1,0,106,50,145,2,0,40,0,0,0,183,431,b
37,20,8,19,9,0,4,5,18,273,0,0,12,10,0,0,0,0,4,2,13,0,0,8,0,0,0,3,36,b
6195,945,1437,970,760,0,352,793,963,5230,0,0,1094,1114,7,0,2,0,626,185,446,8,0,167,6,0,0,486,1402,b
2393,419,431,205,648,0,215,265,444,2706,0,0,333,482,2,0,0,0,128,24,333,3,0,62,3,0,0,190,388,b
118,42,29,36,16,0,9,13,43,467,0,0,33,21,0,0,0,0,16,10,18,0,0,9,0,0,0,14,73,b
374,65,81,60,47,0,47,48,106,799,0,0,120,45,1,0,0,0,26,107,47,0,0,24,0,7,0,22,104,b
62,20,11,21,9,0,4,6,15,276,0,0,14,8,0,0,0,0,4,2,16,0,0,9,0,0,0,3,42,b
40,25,15,22,9,0,4,7,13,266,0,0,11,8,0,0,0,0,4,2,18,0,0,10,0,0,0,2,34,b
68,54,25,51,9,0,3,6,52,651,0,0,22,19,0,0,0,0,29,2,14,0,0,13,0,0,0,23,90,b
18941,2061,2466,1083,2821,0,2006,1213,1365,8867,0,0,1980,1635,3,0,3,0,748,314,1157,11,0,271,0,10,0,2561,1603,b
3105,446,627,421,613,0,178,427,517,3149,0,0,512,516,2,0,1,0,96,44,406,8,0,156,1,0,0,164,737,b
285,105,96,95,14,0,16,40,102,898,0,0,108,70,0,0,0,0,55,8,29,0,0,15,0,0,0,0,182,b
137,58,37,45,15,0,12,9,64,600,0,0,22,27,0,0,0,0,20,5,19,0,0,11,0,0,0,1,87,b
45,17,7,19,8,0,3,6,15,250,0,0,12,8,0,0,0,0,4,2,15,0,0,8,0,0,0,4,35,b
772,214,359,163,89,0,109,189,182,1561,0,0,124,75,0,0,0,0,47,214,119,5,0,56,0,0,0,21,370,b
100,47,25,40,14,0,11,11,50,481,0,0,18,21,0,0,0,0,20,3,16,0,0,8,0,0,0,3,74,b
48,24,13,22,8,0,3,6,18,296,0,0,16,11,0,0,0,0,7,2,14,0,0,9,0,0,0,5,45,b
1363,156,289,119,207,0,143,165,243,1579,0,0,199,169,0,0,0,0,96,97,134,0,0,29,0,0,0,46,226,b
13706,1928,3344,1978,2220,0,2187,2205,1988,17984,0,0,1641,2564,37,0,4,0,598,143,1838,24,0,628,11,2,0,2999,2893,b
3045,537,722,407,396,0,333,438,511,3571,0,0,582,527,3,0,3,0,138,476,277,4,0,109,1,0,0,193,744,b
1029,255,284,226,168,0,216,193,272,1841,0,0,265,198,0,0,1,0,103,60,164,1,0,69,2,0,0,5,366,b
43,20,12,21,9,0,5,6,19,269,0,0,17,10,0,0,0,0,7,3,14,0,0,9,0,0,0,2,41,b
50,36,14,32,9,0,10,6,29,485,0,0,21,14,0,0,0,0,20,2,15,0,0,11,0,0,0,14,67,b
27202,3273,5822,2996,4234,0,2243,3617,3311,14404,0,0,4355,3093,21,0,8,0,917,286,3194,38,0,777,19,0,0,1466,3723,b
665,60,95,45,15,0,31,34,44,589,0,0,18,136,0,0,0,0,9,60,28,0,0,17,0,0,0,30,138,b
118,69,25,64,37,0,7,6,48,648,0,0,41,98,0,0,0,0,50,5,21,1,0,14,0,0,0,1,96,b
380,75,87,61,72,0,54,44,119,799,0,0,88,72,0,0,0,0,46,28,59,0,0,13,0,0,0,2,109,b
236,67,55,44,29,0,24,26,86,808,0,0,54,43,0,0,0,0,45,10,23,0,0,16,0,0,0,8,125,b
244,61,63,43,45,0,24,26,84,685,0,0,39,60,0,0,0,0,25,11,26,0,0,9,0,0,0,4,92,b
403,161,122,91,47,0,14,43,120,1161,0,0,88,129,0,0,0,0,61,27,48,0,0,18,0,0,0,49,180,b
2451,893,118,781,680,0,146,377,181,890,0,0,566,2230,1,5,32,0,218,166,91,77,0,523,2,0,1,87,2303,b
112,30,27,21,20,0,19,8,34,397,0,0,13,8,0,0,0,0,7,2,14,1,0,8,0,0,0,1,50,b
236,90,81,57,27,0,8,32,105,981,0,0,89,60,0,0,0,0,51,20,24,3,0,18,0,0,0,9,133,b
79,28,18,26,10,0,4,13,19,314,0,0,13,9,0,0,0,0,4,6,17,1,0,16,0,0,0,6,60,b
37,24,16,21,10,0,4,7,20,305,0,0,12,8,0,0,0,0,5,2,15,0,0,10,0,0,0,3,48,b
7445,1396,2295,1675,392,0,228,693,1194,8117,0,0,978,519,0,0,5,0,556,130,703,10,0,327,0,0,0,1384,2365,b
131,52,48,26,29,0,8,17,56,580,0,0,32,66,0,0,0,0,27,7,20,1,0,10,0,0,0,17,76,b
45,24,13,22,11,0,3,6,24,310,0,0,12,9,0,0,0,0,6,2,14,0,0,8,0,0,0,4,39,b
11993,1584,2611,1344,1657,0,1122,1417,1440,8957,0,0,1618,1797,8,0,1,0,547,333,1130,13,0,371,2,3,0,1031,2151,b
6788,1042,1598,950,755,0,428,703,733,5534,0,0,917,1583,0,0,10,0,473,92,748,12,0,334,0,2,0,421,1745,b
97,31,25,24,17,0,17,9,39,393,0,0,18,23,0,0,0,0,8,3,16,0,0,7,0,0,0,2,55,b
1899,699,477,442,287,0,141,235,302,10633,0,0,278,659,7,0,3,0,669,33,175,4,0,81,3,0,0,159,999,b
39,18,6,20,8,0,3,6,16,251,0,0,12,8,0,0,0,0,4,2,16,0,0,8,0,0,0,3,35,b
686,206,192,91,93,0,32,74,150,1239,0,0,174,695,0,0,1,0,136,11,71,1,0,19,0,0,0,164,265,b
62,25,19,22,9,0,4,10,39,299,0,0,12,8,0,0,0,0,5,2,14,0,0,7,0,0,0,3,37,b
63,27,15,24,12,0,3,6,26,346,0,0,11,14,0,0,0,0,7,3,13,0,0,6,0,0,0,3,50,b
4845,1265,1440,1151,913,0,1802,592,697,5807,0,0,1483,1017,22,0,0,0,446,95,610,9,0,241,5,0,0,19,1729,b
90,35,40,46,8,0,4,7,22,354,0,0,25,11,0,0,0,0,4,2,25,0,0,19,0,0,0,17,79,b
1214,244,310,189,123,0,177,154,291,2109,0,0,290,129,5,0,0,0,66,16,116,0,0,71,0,0,0,153,284,b
40,20,13,24,10,0,3,7,16,272,0,0,12,8,0,0,0,0,4,2,17,0,0,11,0,0,0,1,47,b
895,182,247,161,105,0,37,49,203,1581,0,0,95,202,0,0,0,0,87,12,39,1,0,62,0,0,0,158,182,b
67674,8177,14060,8701,9582,0,6217,9827,7011,28771,0,0,8877,7570,16,3,28,0,1708,320,7388,80,0,2127,87,16,0,1701,9140,b
76,32,25,25,10,0,9,6,19,323,0,0,19,11,0,0,0,0,5,2,13,0,0,13,0,0,0,8,62,b
1776,234,511,132,283,0,146,253,460,2763,0,0,349,458,5,0,1,0,153,32,122,1,0,39,0,0,0,72,342,b
35,18,6,19,8,0,3,5,15,252,0,0,12,8,0,0,0,0,4,2,15,0,0,8,0,0,0,1,37,b
40,20,7,20,8,0,4,6,17,261,0,0,14,10,0,0,0,0,5,2,13,0,0,6,0,0,0,2,36,b
1528,272,293,217,221,0,102,166,211,1516,0,0,283,520,1,0,1,0,95,19,143,4,0,44,0,0,0,186,421,b
2229,310,808,348,244,0,217,273,340,1755,0,0,481,559,0,0,0,0,280,2331,158,2,0,60,1,2,0,0,557,b
237,84,91,66,39,0,36,41,101,873,0,0,66,57,0,0,0,0,28,119,37,0,0,15,0,0,0,35,127,b
1337,273,245,194,258,0,101,111,252,2045,0,0,212,274,2,0,0,0,53,30,167,2,0,46,1,0,0,100,357,b
144,62,53,58,24,0,7,16,61,641,0,0,57,32,0,0,0,0,37,6,18,0,0,15,0,0,0,1,107,b
35,19,7,20,9,0,3,6,16,259,0,0,11,8,0,0,0,0,4,3,16,0,0,9,0,0,0,1,35,b
2348,661,957,577,74,0,87,131,608,4360,0,0,368,138,4,0,1,0,308,26,153,2,0,90,0,0,0,3,848,b
876,176,232,142,137,0,72,147,216,1832,0,0,181,287,1,0,0,0,85,19,87,1,0,55,0,0,0,105,300,b
121,40,32,32,34,0,9,15,40,415,0,0,30,35,0,0,1,0,11,2,21,0,0,12,0,0,0,32,56,b
49,29,18,26,12,0,4,7,22,326,0,0,12,10,0,0,0,0,4,4,19,0,0,15,0,0,0,6,56,b
36,17,6,20,8,0,3,5,15,252,0,0,13,8,0,0,0,0,4,2,15,0,0,8,0,0,0,1,34,b
1194,189,252,154,234,0,224,53,112,1248,0,0,220,232,4,0,0,0,79,743,115,1,0,36,0,0,0,169,253,b
56,48,22,43,14,0,7,6,30,469,0,0,12,11,0,0,0,0,20,2,17,0,0,14,0,0,0,26,83,b
54491,14143,19997,15864,5351,0,15278,8774,7232,48533,0,0,9886,6143,1,4,44,0,3502,806,7573,181,0,3054,12,8,0,2586,13028,b
58,25,15,24,8,0,7,6,21,302,0,0,15,9,0,0,0,0,6,2,15,0,0,10,0,0,0,4,39,b
4706,931,1230,574,806,0,1322,724,821,8591,0,0,821,1381,0,0,1,0,217,192,814,16,0,252,2,0,0,1699,1547,b
2951,298,764,254,481,0,324,341,392,1873,0,0,380,348,0,0,1,0,88,1588,238,2,0,56,1,0,0,197,352,b
1361,283,275,208,263,0,101,125,264,2128,0,0,223,208,2,0,0,0,56,27,178,3,0,50,1,0,0,102,393,b
627,114,142,71,45,0,17,41,104,872,0,0,138,87,0,0,0,0,73,42,21,2,0,8,0,0,0,0,116,b
34,18,6,19,8,0,3,5,14,252,0,0,12,8,0,0,0,0,4,2,16,0,0,8,0,0,0,1,35,b
37,24,13,23,11,0,3,7,18,290,0,0,12,12,0,0,0,0,4,2,12,0,0,8,0,0,0,2,35,b
39,22,13,19,11,0,5,5,22,296,0,0,11,8,0,0,0,0,5,3,15,0,0,8,0,0,0,3,42,b
5853,1569,1044,1727,1062,0,838,702,697,44670,0,0,1399,2586,2,0,12,0,828,145,462,27,0,583,2,1,0,3329,3352,b
50,26,14,20,11,0,6,5,24,324,0,0,14,8,0,0,0,0,6,2,15,1,0,7,0,0,0,3,43,b
36,20,8,20,9,0,3,5,16,259,0,0,11,8,0,0,0,0,4,3,16,0,0,8,0,0,0,1,32,b
85,48,24,36,17,0,13,9,44,505,0,0,24,24,0,0,0,0,24,2,17,1,0,11,0,0,0,9,82,b
3948,671,899,639,656,0,622,513,584,3820,0,0,674,449,0,0,2,0,157,78,484,6,0,172,3,0,0,19,841,b
898,229,231,160,176,0,106,121,212,1627,0,0,182,97,1,0,1,0,64,43,115,1,0,30,0,0,0,158,283,b
40,22,13,20,12,0,3,5,22,340,0,0,12,9,0,0,0,0,7,2,14,0,0,10,0,0,0,2,46,b
376,55,41,39,103,0,21,19,78,560,0,0,78,25,0,0,0,0,26,2,30,0,0,14,0,0,0,10,91,b
147,49,48,39,24,0,9,26,47,536,0,0,49,18,0,0,0,0,12,54,24,1,0,11,1,0,0,10,89,b
623,155,240,146,33,0,24,33,201,1543,0,0,109,48,0,0,0,0,97,8,44,0,0,59,5,0,0,1,273,b
47396,7395,7156,4285,11933,0,4580,4810,7975,53615,0,0,5330,11652,34,2,23,0,4347,282,1734,80,0,1100,17,1,0,4507,10968,b
84,28,23,21,13,0,5,10,37,406,0,0,12,15,1,0,0,0,7,2,16,1,0,8,0,0,0,4,52,b
209,104,73,86,46,0,18,30,99,888,0,0,93,40,0,0,0,0,73,13,17,0,0,15,0,0,0,95,145,b
37,23,9,21,10,0,4,5,17,268,0,0,13,10,0,0,0,0,4,3,13,0,0,7,0,0,0,2,32,b
6321,947,1567,857,755,0,522,388,723,7233,0,0,845,653,0,0,2,0,422,85,575,9,0,189,0,2,0,45,1551,b
37,22,10,20,8,0,3,5,24,299,0,0,12,8,0,0,0,0,6,2,13,0,0,9,0,0,0,4,41,b
386,130,87,71,91,0,61,38,112,1112,0,0,76,249,0,0,1,0,84,29,34,0,0,25,1,0,0,12,216,b
15716,2075,3219,1974,1797,0,1620,2311,2090,14261,0,0,2080,3173,10,0,3,0,1174,497,1209,22,0,444,2,1,0,2699,2918,b
5303,1314,1516,1121,976,0,1800,586,714,5983,0,0,1478,1174,22,0,1,0,497,119,582,14,0,231,5,0,0,17,1772,b
444,68,97,46,56,0,28,50,81,705,0,0,102,161,0,0,0,0,43,50,37,0,0,17,1,0,0,68,120,b
34,18,6,19,8,0,3,5,14,252,0,0,12,8,0,0,0,0,4,2,16,0,0,9,0,0,0,1,34,b
556,150,124,88,129,0,92,64,103,1275,0,0,122,166,0,0,0,0,68,13,38,0,0,12,0,0,0,14,272,b
1001258,136099,262367,105278,152149,0,189174,91786,104529,601410,0,0,128446,114894,674,11,493,0,50578,27313,71685,1276,5,21787,121,55,6,12218,148557,b
61,24,9,21,13,0,5,5,17,271,0,0,17,9,0,0,0,0,5,3,13,0,0,8,0,0,0,2,42,b
48,26,13,21,10,0,3,5,22,319,0,0,12,10,0,0,0,0,8,3,13,0,0,8,0,0,0,2,54,b
293,85,74,58,42,0,34,49,114,895,0,0,68,40,0,0,0,0,14,9,53,0,0,20,0,0,0,60,135,b
369,100,82,53,49,0,53,56,134,1036,0,0,84,39,0,0,1,0,51,10,36,0,0,15,0,0,0,24,162,b
10256,2211,1777,1923,1601,0,597,1132,1129,18049,0,0,1593,3152,1,0,19,0,1227,703,933,26,0,578,18,3,0,3990,3505,b
242,80,41,63,27,0,16,23,59,1172,0,0,48,48,0,0,1,0,32,12,21,0,0,23,0,0,0,5,137,b
1896,316,594,325,487,0,465,168,338,1815,0,0,199,151,0,0,0,0,96,28,154,2,0,91,0,0,0,118,376,b
51,36,14,31,12,0,10,6,29,491,0,0,16,14,0,0,0,0,20,2,15,0,0,9,0,0,0,15,68,b
917,312,341,312,91,0,69,127,287,2175,0,0,150,175,0,0,0,0,133,44,153,1,0,49,0,0,0,34,509,b
51,35,15,31,9,0,10,5,29,485,0,0,20,13,0,0,0,0,21,2,15,0,0,11,0,0,0,15,65,b
179,73,54,50,37,0,5,24,63,666,0,0,56,41,0,0,0,0,27,9,33,0,0,13,4,0,0,32,102,b
1363,264,266,190,248,0,87,128,268,2078,0,0,234,219,2,0,0,0,62,29,165,3,0,51,1,1,0,105,374,b
28185,4529,5120,3830,3812,0,2917,3123,2751,31829,0,0,4246,5809,217,0,44,0,2218,877,2437,46,0,1138,33,5,0,7439,5788,b
38,24,14,21,8,0,3,6,14,263,0,0,11,8,0,0,0,0,4,2,18,0,0,10,0,0,0,1,37,b
3087,698,755,435,387,0,357,275,485,4015,0,0,379,471,0,0,1,0,214,65,295,2,0,132,1,0,0,112,870,b
607,188,90,81,111,0,58,56,126,840,0,0,103,204,0,0,0,0,91,5,38,0,0,20,0,0,0,19,169,b
34,17,6,19,9,0,3,5,14,253,0,0,12,8,0,0,0,0,4,2,16,0,0,8,0,0,0,1,34,b
476,150,166,121,73,0,38,62,190,1258,0,0,104,83,3,0,1,0,123,39,30,0,0,61,0,0,0,153,239,b
44985,6941,11424,7199,9443,0,2321,6820,4592,47009,0,0,20011,8342,6,4,21,0,5080,347,4520,51,0,1552,7,1,0,12055,16512,b
295,44,63,34,59,0,13,31,84,554,0,0,42,20,0,0,0,0,26,3,49,0,0,10,0,0,0,11,74,b
1340,261,357,221,227,0,93,170,269,1729,0,0,223,600,0,0,0,0,169,96,153,2,0,46,0,0,0,188,370,b
50,22,13,21,10,0,5,7,20,276,0,0,12,9,0,0,0,0,4,2,16,0,0,11,0,0,0,3,50,b
299,127,106,76,67,0,18,59,143,1207,0,0,94,266,0,0,1,0,69,9,53,1,0,24,1,0,0,35,200,b
274,54,48,40,60,0,20,19,75,556,0,0,53,27,0,0,0,0,26,19,24,0,0,11,0,0,0,7,94,b
9505,1324,1949,1243,1607,0,861,1258,1506,8043,0,0,1166,1266,2,0,4,0,287,54,1328,10,0,362,4,1,0,1101,1891,b
2908,467,605,324,497,0,252,354,488,2997,0,0,390,490,21,0,0,0,106,41,339,5,0,117,1,0,0,134,603,b
245,80,60,70,22,0,36,29,96,772,0,0,46,46,0,0,0,0,40,7,17,0,0,14,0,0,0,13,143,b
1856,323,375,243,206,0,155,264,339,1725,0,0,207,167,0,0,0,0,44,22,72,7,0,53,0,0,0,97,365,b
1749,414,568,321,110,0,96,173,288,1920,0,0,241,455,0,0,0,0,138,23,151,2,0,65,0,0,0,55,647,b
540,85,94,64,63,0,39,32,109,837,0,0,80,82,0,0,0,0,43,14,30,0,0,12,0,0,0,12,132,b
13887,1374,2272,1201,1925,0,1117,1483,1480,7078,0,0,1410,1084,5,0,2,0,349,63,1094,17,0,352,11,0,0,583,1626,b
84,44,22,40,18,0,9,12,38,470,0,0,26,17,0,0,0,0,12,2,21,1,0,11,0,0,0,14,82,b
222,100,66,72,34,0,6,28,97,981,0,0,54,67,0,0,0,0,66,24,18,1,0,22,0,0,0,28,144,b
889,211,152,108,191,0,70,77,144,1046,0,0,146,188,0,0,0,0,55,77,75,1,0,17,0,0,0,35,188,b
34,17,6,19,9,0,3,5,14,253,0,0,12,8,0,0,0,0,4,2,16,0,0,8,0,0,0,1,34,b
2091,328,390,270,321,0,83,290,357,2342,0,0,329,742,0,0,0,0,232,230,179,1,0,54,0,0,0,406,489,b
792,147,246,76,97,0,54,75,192,1476,0,0,110,248,0,0,0,0,65,5,83,1,0,21,0,0,0,84,214,b
45,24,13,22,11,0,3,6,24,310,0,0,12,9,0,0,0,0,6,2,14,0,0,8,0,0,0,4,39,b
210,77,71,58,34,0,29,35,91,724,0,0,66,62,0,0,0,0,31,10,24,0,0,13,0,0,0,5,126,b
2190,285,438,197,438,0,184,300,390,2170,0,0,216,876,11,0,0,0,148,36,179,1,0,64,2,0,0,91,481,b
282,70,46,57,35,0,19,27,59,640,0,0,68,85,0,0,0,0,41,21,28,0,0,20,0,0,0,9,99,b
41,25,12,23,10,0,4,6,16,281,0,0,11,8,0,0,0,0,4,2,15,0,0,12,0,0,0,1,50,b
56,35,13,26,17,0,3,8,28,390,0,0,21,11,0,0,0,0,12,6,17,0,0,7,0,0,0,8,65,b
45,22,10,19,11,0,4,5,15,265,0,0,11,8,0,0,0,0,4,3,16,0,0,9,0,0,0,7,41,b
33,22,9,22,9,0,3,5,17,271,0,0,13,10,0,0,0,0,4,3,15,0,0,7,0,0,0,2,34,b
324,71,101,46,41,0,7,33,80,780,0,0,108,85,0,0,0,0,34,10,30,1,0,18,0,0,0,30,124,b
2262,160,339,150,361,0,268,83,206,1215,0,0,208,298,0,0,0,0,195,20,89,0,0,35,0,0,0,106,262,b
66,25,20,23,9,0,5,6,18,303,0,0,12,9,0,0,0,0,6,3,14,0,0,7,0,0,0,1,40,b
5912,609,1340,690,699,0,319,780,711,4064,0,0,773,1833,1,0,3,0,367,252,571,5,0,172,2,0,0,771,994,b
32,20,7,22,8,0,3,6,16,261,0,0,14,10,0,0,0,0,4,2,13,0,0,7,0,0,0,1,37,b
99,47,35,48,16,0,13,15,56,546,0,0,41,32,0,0,0,0,28,12,22,0,0,19,0,0,0,6,98,b
169,48,51,35,25,0,10,16,54,538,0,0,31,24,0,0,0,0,17,9,19,0,0,9,0,0,0,32,77,b
45,26,12,21,12,0,5,6,27,329,0,0,14,9,0,0,0,0,6,2,12,0,0,7,0,0,0,2,40,b
50,26,18,19,11,0,4,8,28,350,0,0,13,10,0,0,0,0,5,2,15,0,0,8,0,0,0,2,41,b
10823,1155,1678,919,1488,0,712,1202,1188,5843,0,0,1116,3318,5,0,0,0,708,294,748,5,0,293,0,2,0,2477,1544,b
380217,57328,76049,63623,50864,0,73200,44675,43352,282758,0,0,53556,48820,135,21,308,0,15282,6314,32983,1039,4,13941,126,35,205,2223,64981,b
727,261,226,200,173,0,92,121,298,2206,0,0,149,166,0,0,0,0,51,45,120,0,0,44,0,0,0,86,356,b
1322,270,271,185,262,0,101,130,273,2167,0,0,211,272,2,0,0,0,73,26,163,3,0,65,1,0,0,109,406,b
273,54,54,36,26,0,25,24,60,564,0,0,52,68,0,0,0,0,23,71,25,0,0,15,0,0,0,35,96,b
41,22,13,23,11,0,3,7,16,293,0,0,18,14,0,0,0,0,7,2,16,0,0,13,0,0,0,3,45,b
42,22,13,18,10,0,4,5,23,307,0,0,15,11,0,0,0,0,4,2,13,0,0,8,0,0,0,2,44,b
5679,931,1179,770,1004,0,734,827,902,4915,0,0,795,992,8,0,2,0,230,195,649,1,0,218,16,2,0,474,1265,b
398,142,158,114,53,0,13,62,167,1498,0,0,122,126,0,0,0,0,75,12,60,1,0,59,0,0,0,47,241,b
2339,219,490,206,335,0,190,205,346,2272,0,0,230,245,0,0,1,0,142,8,135,2,0,83,0,0,0,179,430,b
36,18,6,19,9,0,3,5,14,252,0,0,12,8,0,0,0,0,4,2,16,0,0,8,0,0,0,1,35,b
666,45,36,32,153,0,182,14,56,1448,0,0,22,24,0,0,0,0,28,2,83,0,0,12,0,0,0,3,87,b
118,48,31,34,17,0,8,11,51,522,0,0,23,28,0,0,0,0,18,2,20,0,0,12,0,0,0,17,85,b
37,20,9,19,10,0,3,5,17,266,0,0,13,10,0,0,0,0,4,3,13,0,0,6,0,0,0,1,31,b
246,101,44,82,117,0,18,33,66,1173,0,0,121,331,0,0,0,0,32,16,27,0,0,303,0,0,0,179,591,b
960,224,249,179,127,0,85,130,232,1870,0,0,160,232,1,0,0,0,69,59,121,2,0,105,0,0,0,63,422,b
5912,609,1340,690,699,0,319,780,711,4064,0,0,773,1833,1,0,3,0,367,252,571,5,0,172,2,0,0,771,994,b
1620,322,303,215,264,0,104,179,229,2006,0,0,331,660,1,0,1,0,115,65,146,4,0,48,0,0,0,196,438,b
106,23,15,23,10,0,19,7,21,292,0,0,19,9,0,0,0,0,5,2,15,0,0,9,0,0,0,2,52,b
1776,181,294,168,327,0,155,175,283,1600,0,0,265,222,7,0,1,0,68,37,172,1,0,38,16,1,0,201,277,b
5121,409,853,449,733,0,385,661,672,2797,0,0,480,778,4,0,0,0,154,102,454,4,0,132,0,2,0,1396,711,b
3839,638,528,458,746,0,367,413,618,4934,0,0,617,812,4,0,4,0,200,39,327,4,0,152,1,1,0,213,849,b
1000,177,156,97,158,0,106,131,191,1398,0,0,167,107,0,0,0,0,67,41,66,2,0,17,1,0,0,6,195,b
1124,270,287,258,219,0,111,199,283,2148,0,0,242,224,0,0,2,0,99,39,142,0,0,116,1,0,0,40,372,b
1071,150,221,276,409,0,62,172,292,2568,0,0,219,376,0,0,1,0,57,193,206,0,0,28,0,0,0,196,245,b
43,20,8,21,9,0,6,6,16,261,0,0,18,9,0,0,0,0,5,2,13,1,0,7,0,0,0,2,38,b
76,27,19,22,8,0,8,6,22,305,0,0,18,12,0,0,0,0,6,5,17,0,0,12,0,0,0,4,48,b
34,17,6,19,9,0,3,5,15,252,0,0,12,8,0,0,0,0,5,2,16,0,0,8,0,0,0,1,34,b
709,102,211,106,76,0,92,80,115,914,0,0,154,97,0,0,1,0,52,679,42,3,0,24,0,0,0,24,177,b
697,181,148,189,151,0,81,136,152,1174,0,0,159,107,0,0,1,0,44,130,116,1,0,58,1,0,0,38,283,b
150,49,38,35,29,0,13,9,55,530,0,0,30,27,0,0,0,0,22,6,22,0,0,9,0,0,0,59,82,b
144,53,36,42,24,0,14,11,52,539,0,0,34,26,0,0,0,0,18,11,23,0,0,11,0,0,0,9,84,b
81,25,23,19,13,0,6,6,28,382,0,0,15,10,0,0,0,0,8,2,13,0,0,8,0,0,0,11,52,b
11993,1584,2611,1344,1657,0,1122,1417,1440,8957,0,0,1618,1797,8,0,1,0,547,333,1130,13,0,371,2,3,0,1031,2151,b
105,25,25,22,13,0,8,8,23,318,0,0,18,11,0,0,0,0,7,3,14,0,0,6,0,0,0,2,42,b
34,18,6,19,8,0,3,5,14,252,0,0,12,8,0,0,0,0,4,2,16,0,0,8,0,0,0,1,35,b
83,26,19,22,11,0,14,5,31,386,0,0,23,22,0,0,0,0,6,2,14,0,0,7,0,0,0,15,54,b
86,25,16,25,9,0,3,6,17,311,0,0,12,12,0,0,0,0,4,2,19,0,0,11,0,0,0,7,51,b
179,53,43,42,27,0,9,17,64,554,0,0,24,19,0,0,0,0,15,2,28,0,0,16,0,0,0,65,78,b
480,80,74,61,63,0,53,80,109,826,0,0,88,79,0,0,0,0,38,22,51,0,0,14,0,0,0,78,103,b
42,24,13,19,11,0,3,5,25,320,0,0,15,10,0,0,0,0,7,2,14,0,0,6,0,0,0,3,46,b
424,138,157,90,38,0,26,47,150,1171,0,0,118,124,0,0,1,0,90,38,25,0,0,22,0,0,0,0,235,b
134,37,21,30,16,0,15,10,33,442,0,0,17,19,0,0,1,0,15,2,18,0,0,12,0,0,0,44,70,b
6912,1544,2759,1908,452,0,131,998,1497,10999,0,0,1414,3067,0,0,2,0,841,465,511,19,0,216,0,0,0,935,2799,b
2950,573,693,486,337,0,112,352,507,4861,0,0,457,1274,1,0,3,0,590,60,357,3,0,79,4,0,0,0,911,b
65,23,13,21,10,0,8,11,22,285,0,0,17,10,0,0,0,0,5,2,13,0,0,11,0,0,0,8,51,b
3329,525,942,437,518,0,172,310,526,3450,0,0,601,1374,0,0,3,0,323,91,373,4,0,97,1,0,0,457,901,b
49,30,13,24,13,0,6,6,26,370,0,0,14,5,0,0,0,0,8,2,16,0,0,8,0,0,0,2,42,b
46,20,7,20,9,0,3,5,16,259,0,0,17,13,0,0,0,0,4,2,14,0,0,7,0,0,0,2,35,b
154105,13955,22816,13726,30245,0,18511,19411,17523,65664,0,0,15166,14313,40,4,23,0,3129,261,9590,124,3,1941,78,40,11,78,10931,b
660,116,130,85,113,0,70,59,153,1038,0,0,70,164,0,0,0,0,68,3,44,1,0,19,0,0,0,62,183,b
36,18,6,20,10,0,3,6,16,255,0,0,12,9,0,0,0,0,4,2,14,0,0,8,0,0,0,1,36,b
1896,316,594,325,487,0,465,168,338,1815,0,0,199,151,0,0,0,0,96,28,154,2,0,91,0,0,0,118,376,b
33,18,6,19,8,0,3,5,14,252,0,0,12,9,0,0,0,0,4,2,16,0,0,8,0,0,0,1,34,b
220,82,57,60,27,0,22,38,92,783,0,0,54,48,0,0,1,0,34,12,33,0,0,9,0,0,0,1,111,b
36,22,7,20,8,0,5,6,17,262,0,0,14,10,0,0,0,0,4,2,14,0,0,6,0,0,0,2,37,b
11993,1584,2611,1344,1657,0,1122,1417,1440,8957,0,0,1618,1797,8,0,1,0,547,333,1130,13,0,371,2,3,0,1031,2151,b
81,27,16,22,14,0,6,6,31,352,0,0,16,11,0,0,0,0,6,3,13,0,0,7,0,0,0,2,44,b
89,36,27,23,25,0,5,17,46,517,0,0,21,19,0,0,0,0,7,2,21,0,0,7,0,0,0,16,63,b
960,224,249,179,127,0,85,130,232,1870,0,0,160,232,1,0,0,0,69,59,121,2,0,105,0,0,0,63,422,b
3073,456,746,342,366,0,229,349,441,2726,0,0,646,912,0,0,1,0,226,84,238,3,0,141,1,0,0,291,726,b
51,24,13,22,12,0,6,9,24,291,0,0,11,8,0,0,0,0,4,12,18,0,0,11,0,0,0,8,51,b
1275,149,157,63,14,0,32,15,26,724,0,0,43,19,0,0,1,0,13,5,70,0,0,32,0,0,0,21,223,b
1294,261,243,188,236,0,92,115,245,2072,0,0,208,204,2,0,0,0,57,29,168,3,0,48,1,0,0,95,480,b
11993,1584,2611,1344,1657,0,1122,1417,1440,8957,0,0,1618,1797,8,0,1,0,547,333,1130,13,0,371,2,3,0,1031,2151,b
50,30,20,23,14,0,4,7,38,379,0,0,12,8,0,0,0,0,8,2,16,0,0,10,0,0,0,5,54,b
1355,314,278,185,257,0,100,135,297,2333,0,0,193,751,0,0,0,0,174,70,113,1,0,71,0,0,0,7,409,b
112,57,57,36,24,0,5,16,80,732,0,0,52,29,0,0,0,0,14,7,23,0,0,11,0,0,0,27,82,b
216,75,76,84,35,0,7,26,93,774,0,0,60,98,0,0,0,0,67,24,24,0,0,16,0,0,0,59,140,b
241,44,43,31,41,0,22,17,51,564,0,0,38,42,0,0,0,0,30,6,16,0,0,13,0,0,0,13,76,b
8946,1483,1578,1337,1241,0,523,999,1043,10287,0,0,1281,2489,0,0,14,0,1092,608,875,11,0,303,18,3,0,3784,2461,b
1792,319,356,248,301,0,209,270,334,2486,0,0,263,342,1,0,1,0,103,257,190,3,0,114,1,0,0,104,536,b
8915,184,73,223,1544,0,993,622,920,6568,0,0,816,840,0,0,7,0,1296,13,669,6,0,124,130,0,2,138,435,b
16675,3107,6290,2767,970,0,1049,1839,2072,12016,0,0,2628,1806,0,0,3,0,1198,277,1781,18,0,680,1,0,0,292,4081,b
5153,742,816,472,953,0,733,545,828,5436,0,0,738,932,4,0,2,0,231,65,453,6,0,152,7,0,0,1088,1441,b
301,65,56,45,36,0,42,41,80,655,0,0,48,25,0,0,0,0,21,2,23,1,0,16,0,0,0,8,95,b
97,31,28,23,22,0,23,8,35,387,0,0,14,11,0,0,0,0,8,7,14,0,0,8,0,0,0,2,49,b
282275,43252,70973,33616,44509,0,51299,24841,29381,207056,0,0,40142,66480,217,8,186,0,23183,7906,21194,379,0,6634,47,11,0,4408,56299,b
37,17,6,20,8,0,3,6,15,254,0,0,12,8,0,0,0,0,4,2,15,0,0,8,0,0,0,1,36,b
41,19,8,21,12,0,3,5,19,262,0,0,11,8,0,0,0,0,4,3,15,0,0,9,0,0,0,1,33,b
5568,1345,1638,1174,1080,0,1926,611,756,6527,0,0,1573,1712,25,0,1,0,532,135,634,7,0,244,5,0,0,15,1873,b
74,33,22,30,13,0,7,6,26,349,0,0,14,10,0,0,0,0,10,2,19,0,0,17,0,0,0,4,67,b
44,24,13,21,11,0,4,6,26,332,0,0,13,8,0,0,0,0,6,3,16,0,0,6,0,0,0,2,40,b
369,131,126,91,44,0,15,48,97,1141,0,0,134,161,0,0,0,0,59,7,29,0,0,16,1,0,0,51,141,b
39,19,7,18,10,0,4,5,17,259,0,0,15,10,0,0,0,0,5,5,14,0,0,6,0,0,0,2,37,b
2008,403,559,365,298,0,142,418,454,2670,0,0,390,360,0,0,3,0,147,54,232,4,0,96,1,0,0,172,573,b
85,40,20,29,14,0,9,8,39,445,0,0,17,9,0,0,0,0,13,2,16,0,0,14,0,0,0,23,72,b
75,27,18,21,13,0,6,9,27,327,0,0,11,13,0,0,0,0,7,2,13,0,0,13,0,0,0,5,61,b
3403,544,797,466,616,0,194,493,593,3385,0,0,546,627,6,0,0,0,138,46,425,7,0,159,1,0,0,89,793,b
34,20,8,20,9,0,3,7,16,259,0,0,11,8,0,0,0,0,4,3,19,0,0,9,0,0,0,1,34,b
1737,429,325,252,179,0,113,66,312,2569,0,0,263,232,0,0,1,0,90,47,163,0,0,49,0,0,0,134,644,b
93,28,19,24,10,0,9,7,23,362,0,0,19,19,0,0,0,0,7,5,15,0,0,7,0,0,0,9,65,b
87,23,14,26,16,0,9,7,22,295,0,0,19,11,0,0,0,0,6,4,14,0,0,9,0,0,0,7,57,b
1805,223,432,180,296,0,186,258,340,1580,0,0,185,240,19,0,1,0,55,24,196,2,0,47,1,0,0,100,334,b
1614,418,297,282,284,0,151,173,329,2523,0,0,225,251,0,0,0,0,90,15,209,4,0,57,0,0,0,152,529,b
41,23,13,21,9,0,5,6,16,265,0,0,11,8,0,0,0,0,4,2,15,0,0,10,0,0,0,1,37,b
2562,468,466,247,674,0,219,269,457,2888,0,0,374,559,2,0,0,0,127,30,351,0,0,102,3,0,0,230,427,b
6355,1059,1997,1278,333,0,164,646,972,6185,0,0,1138,416,0,0,3,0,324,68,615,7,0,220,0,0,0,79,1693,b
37909,2800,15116,2209,9279,0,16950,2669,5431,20084,0,0,2732,2216,2,0,26,0,973,211,1700,71,0,924,11,0,0,2054,3628,b
2348,661,957,577,74,0,87,131,608,4360,0,0,368,138,4,0,1,0,308,26,153,2,0,90,0,0,0,3,848,b
32316,7426,8489,6162,4486,0,6379,4818,4642,50286,0,0,5255,7976,235,0,32,0,2574,464,5133,93,0,1718,5,0,1,471,9849,b
108,28,27,19,17,0,18,9,34,393,0,0,14,9,0,0,0,0,6,2,14,0,0,7,0,0,0,1,51,b
34,17,6,19,9,0,3,5,14,253,0,0,12,8,0,0,0,0,4,2,16,0,0,8,0,0,0,1,34,b
1278,265,232,191,234,0,90,115,239,2067,0,0,208,211,2,0,1,0,57,29,163,3,0,48,1,0,0,92,450,b
1765,337,480,265,431,0,168,266,475,2450,0,0,314,417,4,0,1,0,95,27,160,0,0,99,1,0,0,217,496,b
46,17,9,19,10,0,4,5,15,254,0,0,12,8,0,0,0,0,4,2,16,0,0,8,0,0,0,7,36,b
1179,287,333,147,164,0,95,113,281,2118,0,0,278,573,0,0,1,0,168,140,110,0,0,48,0,0,0,28,366,b
43536,4713,10934,5165,6811,0,6687,5500,6250,31839,0,0,5537,4929,36,1,20,0,1289,3462,4405,38,0,1128,35,16,0,9452,7595,b
3362,491,840,495,581,0,317,548,482,3477,0,0,388,990,1,0,1,0,308,85,340,17,0,150,1,0,0,534,938,b
1042,235,236,228,201,0,74,216,233,1636,0,0,201,166,0,0,0,0,66,186,160,0,0,74,1,0,0,83,354,b
2982,455,829,379,295,0,168,307,475,2604,0,0,472,383,0,0,0,0,204,51,200,1,0,78,2,0,0,6,650,b
54,25,16,23,13,0,8,8,24,330,0,0,12,12,0,0,0,0,5,2,17,0,0,7,0,0,0,2,48,b
36,23,10,21,9,0,3,6,15,268,0,0,13,9,0,0,0,0,4,3,15,0,0,9,0,0,0,3,34,b
1997,208,527,160,371,0,253,236,307,1537,0,0,247,142,0,0,1,0,54,47,169,2,0,43,1,0,0,93,268,b
23586,2059,4973,2273,4456,0,1642,3160,3500,17199,0,0,3167,3851,13,0,9,0,1022,259,2944,22,0,561,28,7,0,4407,3306,b
263,54,62,40,55,0,34,41,76,587,0,0,58,70,0,0,0,0,24,3,21,0,0,14,0,0,0,10,89,b
822,251,208,205,197,0,98,158,209,1496,0,0,183,135,0,0,1,0,50,182,130,0,0,64,1,0,0,47,335,b
228,69,49,61,46,0,10,23,82,744,0,0,81,78,0,0,0,0,33,14,39,1,0,16,0,0,0,33,155,b
7033,780,1501,826,1102,0,744,643,1363,7885,0,0,518,693,6,0,2,0,123,3414,859,14,0,281,4,0,0,1235,1423,b
3893,367,1026,304,396,0,248,489,638,2862,0,0,448,775,0,0,2,0,253,49,234,1,0,97,0,0,0,154,570,b
285,130,91,69,46,0,24,18,127,1271,0,0,83,154,0,0,1,0,62,9,25,0,0,23,0,0,0,27,239,b
6750,1015,1137,827,1560,0,487,885,1197,7700,0,0,1369,2310,3,1,47,0,431,80,860,15,0,290,3,1,0,628,1611,b
1740,224,391,182,277,0,186,263,342,1714,0,0,174,283,19,0,1,0,55,16,192,1,0,48,1,0,0,57,316,b
23068,14951,4889,9363,5525,0,1685,1998,3029,25138,0,0,8611,5589,2,0,7,0,1519,1258,2113,25,0,344,10,1,0,2829,3029,b
213,54,28,44,54,0,40,22,56,573,0,0,44,21,0,0,0,0,16,2,28,0,0,12,0,0,0,9,84,b
942,337,299,183,132,0,223,74,281,1597,0,0,165,105,0,0,0,0,116,3,54,1,0,37,0,0,0,0,374,b
33,17,6,19,10,0,4,5,14,252,0,0,12,8,0,0,0,0,4,2,16,0,0,8,0,0,0,1,34,b
47481,7259,7295,4410,12020,0,4605,4842,7830,53208,0,0,5435,11687,34,4,19,0,4352,312,1754,88,0,1113,17,1,1,4515,11113,b
92,32,27,33,23,0,13,10,41,467,0,0,27,23,0,0,0,0,12,10,19,0,0,7,0,0,0,19,72,b
472,91,45,78,84,0,59,22,98,726,0,0,79,27,0,0,1,0,47,6,21,0,0,18,0,0,0,7,112,b
38,24,11,21,10,0,3,6,24,320,0,0,13,11,0,0,0,0,6,2,14,0,0,6,0,0,0,4,42,b
2330,301,497,243,408,0,150,161,439,2413,0,0,324,403,0,0,1,0,106,1328,173,2,0,120,6,0,0,641,569,b
7678,1662,2379,1861,399,0,228,703,1173,7598,0,0,1056,561,0,0,2,0,646,75,689,14,0,294,0,0,0,8,2627,b
135,30,12,25,21,0,3,6,29,303,0,0,11,8,0,0,0,0,8,2,15,0,0,13,0,0,0,3,47,b
5225,564,1177,422,662,0,341,658,726,4991,0,0,616,957,3,0,0,0,360,219,351,5,0,95,5,0,0,109,902,b
991613,135793,256007,104595,153640,0,186056,93619,103162,586748,0,0,127954,113606,674,14,537,0,50008,27407,71518,1292,7,22391,120,55,6,11489,146676,b
1415,331,389,290,203,0,76,150,324,2522,0,0,298,1244,0,0,1,0,271,60,136,0,0,34,0,0,0,239,461,b
23267,5272,5638,3478,4399,0,1987,3036,2697,22068,0,0,4293,6301,7,0,7,0,2029,193,2790,38,0,707,9,2,0,3162,7013,b
675,64,153,51,95,0,43,64,143,751,0,0,116,60,0,0,0,0,35,2,62,0,0,12,0,0,0,2,117,b
1788,296,398,243,461,0,156,255,397,3070,0,0,331,323,0,0,0,0,101,28,292,1,0,65,0,0,0,117,470,b
8559,1276,2068,1183,950,0,471,946,950,7751,0,0,1012,1735,0,0,2,0,579,87,1039,11,0,383,2,3,0,849,2227,b
97,31,28,23,22,0,23,8,35,387,0,0,14,11,0,0,0,0,8,7,14,0,0,8,0,0,0,2,49,b
1896,316,594,325,487,0,465,168,338,1815,0,0,199,151,0,0,0,0,96,28,154,2,0,91,0,0,0,118,376,b
34,19,8,22,9,0,3,5,16,271,0,0,11,8,0,0,0,0,4,4,15,0,0,9,0,0,0,1,34,b
885,117,200,81,179,0,77,121,147,1075,0,0,154,133,0,0,1,0,51,126,82,0,0,24,1,0,0,86,215,b
218217,28520,41038,27124,32910,0,22947,20243,22557,137551,0,0,18211,13030,25,4,113,0,4215,918,24455,598,0,6836,103,7,0,6183,30095,b
217,26,14,25,14,0,11,7,20,396,0,0,37,37,0,0,0,0,6,6,14,0,0,12,0,0,0,2,52,b
5225,564,1177,422,662,0,341,658,726,4991,0,0,616,957,3,0,0,0,360,219,351,5,0,95,5,0,0,109,902,b
9325,3805,2762,3106,1147,0,2117,596,720,8056,0,0,2615,3195,56,0,2,0,914,955,624,8,0,251,5,0,0,23,2452,b
144,71,54,57,23,0,7,15,81,744,0,0,51,39,0,0,1,0,46,15,18,0,0,16,0,0,0,1,117,b
5876,1435,1679,1228,1061,0,1953,605,693,6387,0,0,1725,1470,30,0,1,0,500,198,609,14,0,238,5,0,0,15,1851,b
3001,994,488,875,2374,0,141,187,467,3466,0,0,5444,6869,1,0,1,0,924,35,228,3,0,93,0,0,0,0,2421,b
2407,308,483,254,413,0,211,295,409,2153,0,0,330,380,19,0,0,0,88,32,227,4,0,74,1,0,0,164,389,b
37,22,8,21,10,0,3,5,17,258,0,0,11,9,0,0,0,0,4,3,17,0,0,9,0,0,0,1,36,b
453,240,127,149,38,0,33,28,201,1918,0,0,100,158,0,0,0,0,151,18,32,0,0,65,0,0,0,1,283,b
35,18,6,19,9,0,3,5,15,252,0,0,13,9,0,0,0,0,4,2,15,0,0,8,0,0,0,1,34,b
73,28,26,23,13,0,6,10,35,408,0,0,22,11,0,0,0,0,8,3,16,0,0,6,0,0,0,9,61,b
1896,316,594,325,487,0,465,168,338,1815,0,0,199,151,0,0,0,0,96,28,154,2,0,91,0,0,0,118,376,b
1330,464,340,304,419,0,207,93,207,3546,0,0,332,254,0,0,0,0,160,55,318,7,0,62,0,0,0,8,684,b
1848,323,370,240,204,0,155,263,340,1732,0,0,209,169,0,0,0,0,45,23,69,7,0,55,0,0,0,100,371,b
3281,665,1077,466,578,0,598,321,582,4188,0,0,718,1602,0,0,1,0,354,96,440,6,0,146,2,0,0,2287,1114,b
67,29,20,23,16,0,7,8,33,343,0,0,16,10,0,0,0,0,6,2,13,0,0,6,0,0,0,1,41,b
1526,318,293,211,226,0,113,152,208,1518,0,0,285,631,1,0,1,0,101,26,128,3,0,38,0,0,0,172,412,b
13456,1618,4030,1478,2262,0,645,1545,1997,8797,0,0,2316,2143,27,0,2,0,589,84,1610,11,0,438,11,3,0,2366,2433,b
156,68,59,47,9,0,9,11,79,766,0,0,49,41,0,0,0,0,50,16,15,0,0,7,0,0,0,3,103,b
331,55,110,43,29,0,26,23,61,601,0,0,59,30,0,0,0,0,18,2,28,0,0,15,0,0,0,57,87,b
35,20,7,21,9,0,3,5,16,259,0,0,11,8,0,0,0,0,4,3,16,0,0,8,0,0,0,1,33,b
409,58,81,44,64,0,34,32,93,625,0,0,70,42,0,0,0,0,22,2,33,0,0,16,0,0,0,41,99,b
132,45,25,35,30,0,19,11,52,538,0,0,19,15,0,0,0,0,16,2,19,0,0,12,0,0,0,7,86,b
184,104,67,53,27,0,17,16,76,741,0,0,62,69,0,0,0,0,39,22,21,0,0,15,0,0,0,2,108,b
568,64,107,37,39,0,43,14,99,783,0,0,37,56,0,0,0,0,31,27,17,0,0,13,0,0,0,79,128,b
34,17,6,20,8,0,3,5,14,252,0,0,12,8,0,0,0,0,5,2,16,0,0,8,0,0,0,1,34,b
3480,546,720,463,701,0,174,481,603,3646,0,0,578,734,2,0,0,0,145,48,440,9,0,174,1,0,0,168,841,b
47,24,13,23,11,0,3,6,24,310,0,0,12,9,0,0,0,0,6,2,14,0,0,8,0,0,0,4,39,b
37,20,7,21,9,0,3,5,15,260,0,0,11,8,0,0,0,0,4,3,16,0,0,8,0,0,0,1,32,b
51,24,15,23,13,0,5,8,27,335,0,0,13,9,0,0,0,0,7,2,13,0,0,6,0,0,0,3,48,b
45,25,16,28,7,0,6,7,20,410,0,0,16,9,0,0,0,0,16,3,13,0,0,8,0,0,0,18,58,b
2445,333,620,256,378,0,219,309,425,2723,0,0,279,437,19,0,0,0,114,31,258,2,0,112,1,0,0,176,434,b
76,22,14,24,13,0,8,7,19,283,0,0,18,9,0,0,0,0,5,2,17,0,0,11,0,0,0,5,47,b
702,262,258,145,99,0,25,87,208,1478,0,0,155,309,0,0,0,0,137,55,48,0,0,74,0,0,0,0,263,b
49,21,9,21,10,0,6,6,17,270,0,0,18,9,0,0,0,0,6,3,13,0,0,8,0,0,0,2,39,b
989,250,251,213,199,0,96,173,232,2113,0,0,220,216,0,0,2,0,79,200,133,0,0,69,1,0,0,51,401,b
5649,1017,1163,435,748,0,400,509,677,4758,0,0,959,5034,14,0,19,0,531,438,435,4,0,80,0,0,0,105,1153,b
152,60,23,45,33,0,12,17,42,1108,0,0,40,34,0,0,1,0,17,5,21,2,0,54,0,0,0,9,144,b
298,119,76,82,30,0,19,12,90,980,0,0,69,26,0,0,0,0,32,9,35,0,0,31,0,0,0,27,159,b
71,29,19,20,13,0,5,8,35,391,0,0,14,16,0,0,0,0,6,2,17,1,0,7,0,0,0,6,54,b
37,20,7,20,9,0,3,5,16,261,0,0,14,11,0,0,0,0,5,5,14,1,0,6,0,0,0,2,36,b
76,34,23,29,16,0,10,7,36,431,0,0,17,8,0,0,0,0,15,2,17,0,0,8,0,0,0,4,73,b
3164,229,488,204,633,0,313,351,489,2360,0,0,288,385,1,0,0,0,155,53,305,0,0,53,2,0,0,466,356,b
197,40,35,42,111,0,24,19,68,546,0,0,61,44,13,0,0,0,30,14,19,0,0,14,0,0,0,4,101,b
34,17,6,19,8,0,3,5,14,252,0,0,12,8,0,0,0,0,4,2,16,0,0,8,0,0,0,1,35,b
47481,7259,7295,4410,12020,0,4605,4842,7830,53208,0,0,5435,11687,34,4,19,0,4352,312,1754,88,0,1113,17,1,1,4515,11113,b
6766,853,1153,739,1243,0,598,649,1012,6420,0,0,1063,1168,5,0,2,0,250,51,714,6,0,273,10,1,0,388,1180,b
43,20,9,25,8,0,5,5,18,268,0,0,18,10,0,0,0,0,6,2,13,0,0,9,0,0,0,3,40,b
2977,484,714,415,316,0,195,411,532,4410,0,0,456,731,1,0,1,0,137,128,315,3,0,123,0,0,0,453,744,b
309,92,78,52,50,0,20,43,99,805,0,0,93,114,0,0,0,0,58,29,26,1,0,12,0,0,0,9,135,b
218,52,50,38,59,0,20,19,78,562,0,0,29,41,0,0,0,0,27,2,22,0,0,13,0,0,0,9,98,b
1672,315,505,243,141,0,102,266,363,2069,0,0,350,329,0,0,0,0,167,106,90,0,0,31,0,0,0,0,480,b
8786,676,1062,640,1314,0,1215,872,759,4441,0,0,849,759,1,0,1,0,413,49,714,13,0,212,19,0,0,160,1064,b
53,22,13,20,10,0,4,6,18,273,0,0,12,8,0,0,0,0,5,2,15,0,0,10,0,0,0,3,40,b
41,22,11,20,14,0,3,7,18,270,0,0,13,11,0,0,0,0,4,3,15,0,0,8,0,0,0,2,42,b
269,99,83,60,27,0,9,23,93,855,0,0,69,73,0,0,0,0,50,23,19,0,0,28,0,0,0,5,131,b
3626,680,638,330,441,0,253,453,674,3268,0,0,558,642,3,0,1,0,225,201,217,5,0,44,0,0,0,189,794,b
1388,592,222,488,364,0,143,162,235,2915,0,0,260,243,1,0,3,0,53,42,215,4,0,55,1,0,0,89,405,b
33,17,6,19,8,0,3,5,14,266,0,0,12,8,0,0,0,0,5,6,16,0,0,8,0,0,0,1,34,b
84,31,19,22,13,0,9,7,22,327,0,0,21,9,0,0,0,0,7,2,17,1,0,8,0,0,0,12,55,b
2002,400,409,213,317,0,125,162,400,4708,0,0,434,670,0,0,0,0,352,83,94,23,0,37,0,0,0,11,649,b
82,44,23,32,15,0,10,10,46,490,0,0,20,28,0,0,0,0,18,2,17,0,0,9,0,0,0,8,85,b
12609,2991,1946,2301,2548,0,1504,1331,1947,10954,0,0,1348,2239,8,3,19,0,635,148,99,71,0,860,2,1,6,1099,3304,b
158,48,24,34,24,0,14,12,48,511,0,0,29,48,0,0,2,0,18,8,17,0,0,9,0,0,0,1,78,b
2513,401,551,272,571,0,542,266,416,4519,0,0,361,440,0,0,4,0,128,106,264,4,0,103,6,0,0,4,667,b
35,23,7,19,10,0,3,5,16,266,0,0,14,10,0,0,0,0,4,2,14,0,0,6,0,0,0,2,37,b
216,76,99,70,15,0,40,6,21,404,0,0,12,23,0,0,0,0,5,10,15,2,0,11,0,0,0,5,73,b
301,84,47,60,31,0,20,19,64,653,0,0,40,41,0,0,0,0,25,3,20,2,0,21,0,0,0,104,105,b
1569,186,278,130,333,0,98,187,316,1736,0,0,214,431,1,0,1,0,157,768,120,2,0,36,0,0,0,208,350,b
1199,218,127,109,121,0,139,120,116,948,0,0,125,123,0,0,0,0,65,20,38,5,0,47,0,0,0,6,469,b
33,20,6,20,9,0,3,5,14,253,0,0,13,8,0,0,0,0,4,2,16,0,0,8,0,0,0,1,34,b
2993,451,717,417,331,0,196,421,536,4343,0,0,485,732,1,0,1,0,134,126,317,2,0,126,0,0,0,457,741,b
35,19,8,20,9,0,3,5,16,261,0,0,12,8,0,0,0,0,4,3,16,0,0,9,0,0,0,1,33,b
22156,5708,7273,4587,13939,0,684,1617,2774,20391,0,0,3703,5511,11,0,10,0,4034,288,1302,23,0,606,2,0,0,41595,13349,b
190,54,44,47,30,0,24,10,55,625,0,0,34,55,0,0,0,0,23,9,25,0,0,22,0,0,0,13,91,b
34,21,12,22,9,0,3,5,17,257,0,0,11,9,0,0,0,0,4,3,18,0,0,9,0,0,0,3,38,b
3410,479,694,431,649,0,264,488,549,3079,0,0,440,420,21,0,0,0,89,47,449,6,0,140,1,0,0,143,637,b
2555,2621,272,863,546,0,123,238,305,12924,0,0,915,2817,1,0,1,0,1276,72,268,11,0,159,0,0,0,195,2145,b
140,54,59,37,25,0,4,21,71,643,0,0,50,46,0,0,0,0,25,11,21,1,0,16,0,0,0,18,85,b
997,164,175,75,212,0,74,91,215,1420,0,0,176,245,0,0,0,0,74,32,72,1,0,11,0,0,0,118,201,b
48,22,12,23,9,0,4,7,21,297,0,0,14,10,0,0,0,0,5,2,17,0,0,11,0,0,0,2,53,b
39,19,10,19,10,0,4,7,17,258,0,0,11,8,0,0,0,0,5,3,16,0,0,9,0,0,0,1,34,b
1423,402,447,343,139,0,98,140,370,2887,0,0,302,287,0,0,0,0,151,57,114,0,0,50,0,0,0,0,650,b
184,66,42,43,33,0,23,13,56,535,0,0,44,92,0,0,0,0,33,2,20,0,0,13,0,0,0,0,89,b
2951,298,764,254,481,0,324,341,392,1873,0,0,380,348,0,0,1,0,88,1588,238,2,0,56,1,0,0,197,352,b
85,39,31,29,15,0,10,10,39,470,0,0,19,16,0,0,1,0,17,2,20,0,0,12,0,0,0,16,80,b
35,22,13,21,10,0,3,6,15,264,0,0,11,8,0,0,0,0,4,2,17,0,0,9,0,0,0,3,36,b
180,59,39,53,39,0,11,26,71,611,0,0,31,38,0,0,0,0,19,7,30,0,0,14,1,0,0,15,86,b
31,19,7,18,8,0,3,6,18,265,0,0,14,10,0,0,0,0,4,2,13,0,0,7,0,0,0,1,38,b
2414,414,819,296,357,0,198,268,390,2773,0,0,375,558,0,0,0,0,132,46,218,1,0,121,3,1,0,314,478,b
750,88,148,46,66,0,51,55,116,791,0,0,99,177,0,0,0,0,46,22,33,0,0,11,0,0,0,240,148,b
47396,7395,7156,4285,11933,0,4580,4810,7975,53615,0,0,5330,11652,34,2,23,0,4347,282,1734,80,0,1100,17,1,0,4507,10968,b
80,50,25,57,14,0,11,8,46,633,0,0,19,14,0,0,0,0,19,2,19,0,0,12,0,0,0,21,96,b
38,22,14,22,8,0,4,7,14,265,0,0,11,8,0,0,0,0,4,2,16,0,0,10,0,0,0,1,34,b
43,24,12,24,10,0,3,7,16,274,0,0,11,9,0,0,0,0,4,2,17,0,0,11,0,0,0,1,53,b
36,17,6,19,8,0,3,5,15,251,0,0,12,8,0,0,0,0,4,3,15,0,0,9,0,0,0,3,37,b
36,22,10,20,8,0,3,5,23,299,0,0,12,8,0,0,0,0,6,2,13,0,0,9,0,0,0,5,40,b
94,28,22,22,13,0,12,7,33,367,0,0,17,9,0,0,0,0,8,2,16,1,0,6,0,0,0,1,53,b
3276,517,743,533,621,0,194,498,605,3615,0,0,510,443,2,0,0,0,107,43,463,8,0,175,1,0,0,45,742,b
477,154,126,79,75,0,18,47,169,1374,0,0,103,172,0,0,0,0,68,28,83,0,0,25,0,0,0,69,263,b
11993,1584,2611,1344,1657,0,1122,1417,1440,8957,0,0,1618,1797,8,0,1,0,547,333,1130,13,0,371,2,3,0,1031,2151,b
1898,322,321,240,287,0,122,182,231,1519,0,0,339,734,1,0,1,0,137,20,148,3,0,45,0,1,0,197,483,b
1896,316,594,325,487,0,465,168,338,1815,0,0,199,151,0,0,0,0,96,29,154,2,0,91,0,0,0,118,376,b
38,25,14,20,9,0,4,6,14,264,0,0,11,8,0,0,0,0,4,7,18,0,0,10,0,0,0,2,36,b
6195,945,1437,970,760,0,352,793,963,5230,0,0,1094,1114,7,0,2,0,626,185,446,8,0,167,6,0,0,486,1402,b
1882,293,412,249,350,0,334,228,494,2154,0,0,246,494,12,0,0,0,111,25,257,4,0,105,3,0,0,483,541,b
107,50,31,38,26,0,9,13,43,484,0,0,25,28,0,0,0,0,13,2,21,0,0,14,0,0,0,12,78,b
1896,316,594,325,487,0,465,168,338,1815,0,0,199,151,0,0,0,0,96,28,154,2,0,91,0,0,0,118,376,b
72,48,29,50,14,0,21,6,44,696,0,0,26,31,0,0,0,0,38,6,16,1,0,12,0,0,0,31,84,b
11993,1584,2611,1344,1657,0,1122,1417,1440,8957,0,0,1618,1797,8,0,1,0,547,333,1130,13,0,371,2,3,0,1031,2151,b
33118,3754,5620,3211,8052,0,3654,3433,5676,23887,0,0,3483,3259,25,0,2,0,906,264,1377,93,0,896,14,2,0,1889,4653,b
96,42,26,31,25,0,8,9,44,473,0,0,23,14,0,0,0,0,15,2,23,0,0,12,0,0,0,27,76,b
876,176,232,142,137,0,72,147,216,1832,0,0,181,287,1,0,0,0,85,19,87,1,0,55,0,0,0,105,300,b
35,17,6,20,9,0,3,5,14,252,0,0,12,8,0,0,0,0,4,2,15,0,0,8,0,0,0,1,35,b
383,129,146,76,52,0,10,14,124,1683,0,0,137,481,0,0,0,0,152,69,24,1,0,39,0,0,0,6,240,b
31,18,7,20,8,0,3,5,16,263,0,0,14,10,0,0,0,0,4,2,13,0,0,7,0,0,0,1,37,b
300,54,46,39,49,0,52,16,67,559,0,0,41,49,0,0,0,0,18,159,27,0,0,11,0,0,0,31,78,b
3109,764,1107,859,174,0,149,403,686,4617,0,0,520,215,0,0,2,0,340,37,312,2,0,145,0,0,0,1,1031,b
16959,3524,5846,4450,1168,0,494,1040,2026,16458,0,0,2281,1379,0,0,30,0,790,390,1541,18,0,874,2,2,0,1789,4604,b
88,23,14,19,12,0,4,13,23,279,0,0,14,11,0,0,0,0,4,3,13,0,0,5,0,0,0,3,42,b
209273,44324,43396,30338,40506,0,42674,38065,42895,295772,0,0,36031,45895,675,28,379,0,13768,4218,9487,980,1,11661,36,20,2,4274,59965,b
34,17,7,19,8,0,3,5,14,252,0,0,12,8,0,0,0,0,4,2,16,0,0,8,0,0,0,1,35,b
39,18,6,19,9,0,3,5,17,249,0,0,13,9,0,0,0,0,5,2,15,0,0,8,0,0,0,3,35,b
510,159,155,103,77,0,19,49,146,1234,0,0,71,139,3,0,0,0,98,26,46,0,0,30,0,0,0,61,231,b
45,24,13,22,11,0,3,6,24,310,0,0,12,9,0,0,0,0,6,2,14,0,0,8,0,0,0,4,39,b
1759,240,542,153,266,0,114,261,419,2655,0,0,255,375,0,0,1,0,102,29,256,1,0,86,1,1,0,641,441,b
36,23,12,19,11,0,3,5,20,319,0,0,12,8,0,0,0,0,6,2,14,0,0,8,0,0,0,3,39,b
6556,1718,2004,1138,639,0,470,1011,1141,6984,0,0,799,813,10,0,0,0,613,79,562,6,0,194,3,0,0,409,1925,b
34,18,6,19,8,0,3,5,14,252,0,0,12,8,0,0,0,0,4,2,16,0,0,8,0,0,0,1,35,b
603,82,95,55,95,0,51,60,126,1763,0,0,140,132,2,0,0,0,59,34,43,1,0,15,0,0,0,30,159,b
1896,316,594,325,487,0,465,168,338,1815,0,0,199,151,0,0,0,0,96,28,154,2,0,91,0,0,0,118,376,b
3290,537,820,380,277,0,351,235,540,3973,0,0,539,201,0,0,0,0,167,867,332,3,0,106,1,0,0,298,756,b
1813,331,438,286,242,0,115,255,457,2818,0,0,271,675,1,0,0,0,125,100,227,2,0,99,0,0,0,199,579,b
117,33,25,23,16,0,5,6,40,454,0,0,14,10,0,0,0,0,9,6,13,0,0,7,0,0,0,5,63,b
48,27,18,21,8,0,4,7,20,373,0,0,15,9,0,0,0,0,6,2,14,0,0,8,0,0,0,9,50,b
40,19,8,19,14,0,4,5,17,259,0,0,11,9,0,0,0,0,4,4,14,0,0,9,0,0,0,1,35,b
1896,316,594,325,487,0,465,168,338,1815,0,0,199,151,0,0,0,0,96,28,154,2,0,91,0,0,0,118,376,b
82,48,22,45,16,0,9,9,45,521,0,0,15,22,0,0,2,0,16,2,20,0,0,14,0,0,0,10,88,b
137,76,56,54,27,0,5,10,79,690,0,0,67,35,0,0,0,0,41,29,22,1,0,20,0,0,0,0,91,b
591,82,156,70,86,0,128,60,95,1267,0,0,96,146,1,0,0,0,55,27,58,1,0,22,0,0,0,266,260,b
155,58,30,40,33,0,10,23,60,590,0,0,31,51,0,0,1,0,22,8,21,1,0,16,0,0,0,59,85,b
38,21,9,20,10,0,3,5,20,283,0,0,11,11,0,0,0,0,4,3,14,0,0,8,0,0,0,3,36,b
33,17,6,19,8,0,3,5,14,252,0,0,12,8,0,0,0,0,4,2,16,0,0,8,0,0,0,1,34,b
425,132,133,111,29,0,36,56,168,1377,0,0,110,56,0,0,1,0,90,16,37,0,0,39,0,0,0,104,225,b
1848,323,370,240,204,0,155,263,340,1732,0,0,209,169,0,0,0,0,45,23,69,7,0,55,0,0,0,100,371,b
9982,943,1198,985,1052,0,1383,485,1125,11495,0,0,926,2533,8,0,11,0,276,43,605,13,0,276,0,0,0,1986,1691,b
189,19,120,20,9,0,5,5,16,262,0,0,11,8,0,0,0,0,4,110,16,0,0,9,0,0,0,1,34,b
202,54,38,37,42,0,37,26,76,622,0,0,30,31,0,0,0,0,22,3,16,0,0,13,0,0,0,10,85,b
34,17,7,19,8,0,3,5,14,252,0,0,12,8,0,0,0,0,4,2,16,0,0,8,0,0,0,1,35,b
280,48,39,42,49,0,31,15,66,556,0,0,56,62,0,0,0,0,31,2,25,0,0,15,0,0,0,4,96,b
9449,1818,2837,2548,436,0,182,1100,1619,11127,0,0,1483,722,0,0,4,0,829,94,1104,23,0,406,0,0,0,2374,3303,b
63595,7461,14634,9106,10306,0,4608,10854,8817,59881,0,0,7462,18387,119,3,48,0,3022,4082,8037,85,0,2344,12,15,0,928,11874,b
1896,316,594,325,487,0,465,168,338,1815,0,0,199,151,0,0,0,0,96,28,154,2,0,91,0,0,0,118,376,b
3824,981,835,393,967,0,335,287,448,3307,0,0,636,2073,3,0,1,0,355,323,312,4,0,494,1,0,0,338,856,b
1192,292,272,287,236,0,137,235,273,1873,0,0,249,225,3,0,1,0,77,246,174,0,0,98,1,0,0,52,410,b
3664,1006,1056,522,573,0,556,550,642,3858,0,0,455,229,0,0,1,0,248,8,379,2,0,101,0,0,0,2,975,b
33,18,6,21,8,0,3,5,14,252,0,0,12,8,0,0,0,0,4,2,16,0,0,8,0,0,0,1,34,b
44,19,10,18,10,0,6,5,20,276,0,0,12,9,0,0,0,0,5,5,13,0,0,5,0,0,0,3,39,b
135,60,50,41,12,0,6,9,65,629,0,0,55,27,0,0,0,0,38,18,14,0,0,17,0,0,0,2,94,b
929,156,242,167,112,0,63,109,150,1234,0,0,150,92,0,0,1,0,36,483,107,1,0,43,0,0,0,39,284,b
35,17,6,20,8,0,3,5,14,252,0,0,13,8,0,0,0,0,4,3,15,0,0,8,0,0,0,1,34,b
38,24,11,20,12,0,3,6,24,317,0,0,14,11,0,0,0,0,6,2,15,0,0,7,0,0,0,3,43,b
5170,911,1828,851,533,0,127,584,1100,7650,0,0,650,502,0,0,0,0,621,56,439,5,0,156,2,0,0,3,1253,b
35,17,6,19,8,0,3,5,14,252,0,0,12,8,0,0,0,0,4,2,16,0,0,10,0,0,0,1,34,b
412,180,164,129,50,0,32,61,148,982,0,0,114,231,0,0,0,0,75,52,19,2,0,12,0,0,0,0,257,b
1318,383,523,419,107,0,147,145,479,3479,0,0,275,146,0,0,0,0,299,56,136,1,0,51,0,0,0,289,590,b
1456,333,248,203,242,0,96,161,203,1922,0,0,290,646,1,0,2,0,96,33,129,3,0,43,0,0,0,167,419,b
37,19,8,20,10,0,4,6,17,257,0,0,11,8,0,0,0,0,4,3,17,0,0,9,0,0,0,3,32,b
4199,619,627,627,914,0,295,442,753,5186,0,0,584,1017,2,0,0,0,206,44,431,7,0,166,2,1,0,529,790,b
34,17,6,20,8,0,3,5,14,252,0,0,12,8,0,0,0,0,5,2,16,0,0,8,0,0,0,1,34,b
1896,316,594,325,487,0,465,168,338,1815,0,0,199,151,0,0,0,0,96,28,154,2,0,91,0,0,0,118,376,b
1159,216,260,167,127,0,146,134,254,1711,0,0,152,116,0,0,2,0,85,22,86,1,0,67,0,0,0,43,317,b
293,113,119,90,43,0,94,22,113,918,0,0,114,69,0,0,0,0,77,35,23,1,0,14,0,0,0,0,164,b
3375,698,901,492,583,0,583,644,728,4614,0,0,579,510,0,0,1,0,210,53,415,5,0,118,4,0,0,1144,905,b
398,125,143,77,45,0,43,55,136,1149,0,0,110,92,0,0,1,0,45,10,38,0,0,20,0,0,0,47,167,b
1829,339,350,225,303,0,117,179,253,1990,0,0,397,919,1,0,2,0,103,26,165,3,0,51,0,0,0,235,495,b
34,17,6,19,8,0,3,5,14,252,0,0,12,8,0,0,0,0,4,2,16,0,0,8,0,0,0,1,35,b
566,146,164,104,60,0,32,73,202,1439,0,0,94,136,0,0,0,0,126,28,45,0,0,46,0,0,0,0,240,b
34,20,11,20,13,0,5,5,17,257,0,0,12,8,0,0,0,0,4,3,17,0,0,9,0,0,0,1,38,b
325,75,63,60,20,0,20,8,39,560,0,0,33,22,0,0,0,0,5,8,13,1,0,20,0,0,0,13,106,b
15237,1749,3290,1926,2062,0,1583,2402,2025,10377,0,0,2120,2900,7,0,6,0,579,192,1238,9,0,435,9,0,0,561,2738,b
185,47,44,46,39,0,15,16,62,543,0,0,40,31,0,0,0,0,28,14,22,0,0,11,0,0,0,16,81,b
5241,873,1170,498,781,0,524,679,865,5795,0,0,680,1119,0,0,2,0,196,176,815,6,0,165,2,0,0,1259,1407,b
185,46,40,41,41,0,10,19,61,518,0,0,40,85,0,0,0,0,37,17,19,1,0,12,0,0,0,20,96,b
122,39,32,33,20,0,16,7,43,458,0,0,23,24,0,0,0,0,21,2,15,0,0,12,0,0,0,4,70,b
1423,247,304,186,206,0,184,89,158,1297,0,0,223,86,0,0,3,0,87,13,83,0,0,30,0,0,0,4,340,b
56049,6111,9234,5492,8261,0,5496,6358,5733,29268,0,0,7514,5741,11,0,25,3,1848,201,5316,98,0,1593,22,0,0,1805,7348,b
35,19,8,20,9,0,3,5,15,260,0,0,11,8,0,0,0,0,4,3,16,0,0,8,0,0,0,1,35,b
82,48,22,45,16,0,9,9,45,521,0,0,15,22,0,0,2,0,16,2,20,0,0,14,0,0,0,10,88,b
511,131,176,186,43,0,24,38,166,1335,0,0,112,135,0,0,0,0,72,34,47,1,0,53,0,0,0,24,236,b
40,21,9,19,11,0,4,5,16,254,0,0,11,8,0,0,0,0,5,3,16,0,0,9,0,0,0,1,34,b
85,29,21,21,9,0,8,7,32,433,0,0,13,11,0,0,0,0,6,8,17,0,0,10,0,0,0,13,60,b
35,17,6,20,9,0,3,5,14,252,0,0,12,8,0,0,0,0,4,2,15,0,0,8,0,0,0,1,35,b
11993,1584,2611,1344,1657,0,1122,1417,1440,8957,0,0,1618,1797,8,0,1,0,547,333,1130,13,0,371,2,3,0,1031,2151,b
2461,272,548,181,520,0,228,343,383,1800,0,0,272,410,0,0,1,0,181,53,221,2,0,53,4,0,0,351,342,b
457,86,137,60,64,0,37,46,138,1137,0,0,154,156,0,0,0,0,70,23,34,0,0,18,0,0,0,39,142,b
641,175,159,143,92,0,65,75,162,1335,0,0,97,95,0,0,1,0,60,125,93,1,0,30,0,0,0,69,269,b
592,150,154,103,80,0,55,70,166,1263,0,0,145,132,0,0,2,0,58,26,51,0,0,25,0,0,0,34,174,b
186,75,52,47,25,0,10,16,86,793,0,0,50,42,0,0,1,0,23,20,32,0,0,18,0,0,0,23,97,b
3816,339,396,260,373,0,267,180,357,3084,0,0,1074,652,2,0,0,0,101,39,233,0,0,67,1,0,0,184,521,b
4441,634,914,614,911,0,317,629,802,4283,0,0,591,631,2,0,1,0,125,62,631,3,0,180,1,0,0,46,958,b
280,79,104,60,43,0,15,42,110,871,0,0,100,55,0,0,0,0,49,125,31,1,0,12,0,0,0,30,132,b
5328,478,1175,399,725,0,506,612,660,3355,0,0,503,1074,8,0,6,0,370,3682,380,5,0,118,0,0,0,765,825,b
2338,372,588,304,301,0,91,390,454,2575,0,0,250,543,1,0,0,0,279,30,219,4,0,71,1,2,0,139,532,b
999,224,246,216,187,0,100,175,233,1837,0,0,213,194,0,0,3,0,89,26,173,0,0,100,1,0,0,60,381,b
42,20,9,20,9,0,4,6,16,261,0,0,14,10,0,0,0,0,5,2,14,0,0,6,0,0,0,2,39,b
36,20,7,20,8,0,5,6,17,262,0,0,14,11,0,0,0,0,4,2,14,0,0,6,0,0,0,2,36,b
191,61,31,41,33,0,29,18,58,555,0,0,30,66,0,0,0,0,29,5,19,0,0,10,0,0,0,0,82,b
36,19,8,20,9,0,3,5,15,258,0,0,12,8,0,0,0,0,4,3,16,0,0,9,0,0,0,1,34,b
703,78,83,50,114,0,59,52,148,866,0,0,88,75,0,0,0,0,70,2,43,0,0,14,0,0,0,0,124,b
69,29,17,26,8,0,4,6,15,298,0,0,11,9,0,0,0,0,4,2,19,0,0,13,0,0,0,5,49,b
58,37,16,35,9,0,10,6,34,501,0,0,19,17,0,0,0,0,23,2,16,0,0,12,0,0,0,14,79,b
34,18,6,20,8,0,3,6,14,252,0,0,12,8,0,0,0,0,4,2,16,0,0,9,0,0,0,1,34,b
696,212,205,78,113,0,60,103,208,1959,0,0,149,208,0,0,0,0,98,38,70,1,0,58,1,0,0,61,237,b
79,23,17,23,12,0,13,5,20,291,0,0,17,9,0,0,0,0,6,3,14,0,0,9,0,0,0,6,42,b
919,175,183,140,153,0,30,154,169,1094,0,0,150,361,0,0,0,0,122,63,78,0,0,37,0,0,0,90,290,b
37,20,8,20,9,0,3,5,16,259,0,0,11,8,0,0,0,0,4,3,15,0,0,9,0,0,0,3,34,b
6589,1372,1537,1157,1466,0,2432,607,711,6792,0,0,1589,1309,69,0,0,0,524,114,608,9,0,234,5,0,0,339,1860,b
991422,135664,258782,104237,153378,0,186098,93021,103214,587255,0,0,127852,113751,673,14,508,0,49963,27404,71644,1346,5,22317,121,56,6,10305,146889,b
36,18,7,19,9,0,4,6,16,254,0,0,12,8,0,0,0,0,4,2,15,0,0,7,0,0,0,1,37,b
1696,311,318,230,302,0,105,174,291,2119,0,0,270,234,4,0,0,0,59,28,242,4,0,61,1,0,0,127,429,b
1071,150,221,276,409,0,62,172,292,2568,0,0,219,376,0,0,1,0,57,193,206,0,0,28,0,0,0,196,245,b
38,22,13,22,10,0,3,7,16,271,0,0,12,8,0,0,0,0,4,2,19,0,0,11,0,0,0,1,50,b
568,129,198,59,63,0,26,63,136,1260,0,0,144,139,2,0,0,0,59,26,38,1,0,16,1,0,0,51,201,b
51,23,15,22,13,0,5,8,19,285,0,0,19,9,0,0,0,0,5,4,17,0,0,10,0,0,0,5,57,b
991,216,225,149,139,0,74,226,232,1750,0,0,152,222,0,0,1,0,75,29,100,2,0,63,0,1,0,91,323,b
397,77,113,49,72,0,30,25,89,640,0,0,73,83,0,0,0,0,42,2,39,1,0,19,0,0,0,16,119,b
159,53,32,38,26,0,29,17,53,540,0,0,30,46,0,0,0,0,20,2,19,0,0,12,0,0,0,5,82,b
182,53,47,38,38,0,25,12,59,541,0,0,41,55,0,0,0,0,18,138,22,1,0,11,0,0,0,16,76,b
6947,1444,2126,1543,874,0,251,858,987,8765,0,0,1270,1700,1,0,3,0,772,180,727,14,0,381,32,0,0,2386,2050,b
43536,4713,10934,5165,6811,0,6687,5500,6250,31839,0,0,5537,4929,36,1,20,0,1289,3462,4405,38,0,1128,35,16,0,9452,7595,b
540,217,103,153,57,0,38,37,144,1498,0,0,98,88,0,0,0,0,67,11,58,0,0,32,0,0,0,10,268,b
39,23,13,21,12,0,5,8,24,327,0,0,13,10,0,0,0,0,5,2,14,0,0,6,0,0,0,3,45,b
688,173,146,186,153,0,80,138,156,1166,0,0,155,100,0,0,1,0,41,129,115,0,0,58,1,0,0,40,280,b
549,88,101,58,116,0,75,56,113,892,0,0,77,56,0,0,1,0,34,28,42,0,0,35,1,0,0,74,110,b
1848,323,370,241,205,0,155,263,340,1734,0,0,209,168,0,0,0,0,44,22,69,7,0,56,0,0,0,99,375,b
98,30,28,22,23,0,23,8,35,388,0,0,15,11,0,0,0,0,8,7,14,0,0,7,0,0,0,2,49,b
1720,310,359,238,295,0,105,157,312,2271,0,0,311,277,2,0,1,0,69,27,192,1,0,59,2,0,0,192,518,b
32,20,7,22,8,0,3,6,16,261,0,0,15,10,0,0,0,0,4,2,13,0,0,9,0,0,0,1,35,b
658,141,156,64,87,0,45,58,169,2194,0,0,89,98,0,0,1,0,51,33,54,0,0,25,0,0,0,82,166,b
45,21,14,22,8,0,3,6,17,274,0,0,12,8,0,0,0,0,4,2,18,0,0,10,0,0,0,4,45,b
176,47,27,34,25,0,13,25,59,527,0,0,29,17,0,0,0,0,24,2,21,0,0,13,0,0,0,22,93,b
36,17,6,20,9,0,3,5,14,253,0,0,12,8,0,0,0,0,4,2,16,0,0,8,0,0,0,1,35,b
47,25,13,23,12,0,5,5,24,315,0,0,16,10,0,0,0,0,6,2,14,0,0,6,0,0,0,3,42,b
33,20,7,21,8,0,3,6,16,260,0,0,14,10,0,0,0,0,4,2,13,0,0,7,0,0,0,1,36,b
84,49,25,37,9,0,15,8,52,567,0,0,24,20,0,0,0,0,15,22,9,1,0,12,0,0,0,1,77,b
1199,133,294,119,164,0,79,134,244,1279,0,0,210,187,0,0,0,0,80,87,62,0,0,20,0,0,0,197,209,b
128,39,38,34,25,0,5,18,47,514,0,0,26,36,0,0,0,0,18,9,14,0,0,8,0,0,0,24,80,b
16742,3006,6053,3755,1274,0,1457,1810,2529,16472,0,0,2673,1906,197,0,2,0,1431,183,1469,15,0,633,11,0,0,2028,4124,b
324,88,92,70,40,0,13,36,104,986,0,0,99,56,0,0,0,0,44,12,35,0,0,22,0,0,0,27,154,b
1012,227,293,113,228,0,68,154,264,1963,0,0,172,683,0,0,0,0,203,42,42,0,0,50,0,1,0,218,374,b
43,20,8,20,10,0,3,5,16,275,0,0,11,8,0,0,0,0,4,3,15,0,0,9,0,0,0,2,38,b
47,24,13,23,11,0,3,6,24,310,0,0,12,9,0,0,0,0,6,2,14,0,0,8,0,0,0,4,39,b
3554,626,1155,672,281,0,191,223,812,4456,0,0,635,241,0,0,1,0,304,89,289,3,0,80,1,0,0,2,933,b
11611,2441,3922,2525,832,0,936,1351,1632,11808,0,0,1676,1235,0,0,2,0,1176,218,1203,26,0,442,0,1,0,2603,3738,b
51,37,14,32,9,0,10,6,30,490,0,0,21,14,0,0,0,0,20,2,15,0,0,9,0,0,0,15,68,b
131,54,33,36,24,0,6,18,50,523,0,0,29,23,0,0,0,0,26,6,18,0,0,14,0,0,0,7,79,b
4634,597,781,529,706,0,288,558,657,3725,0,0,476,445,1,0,1,0,112,69,529,6,0,217,1,0,0,48,913,b
36,17,6,19,8,0,3,5,14,254,0,0,12,8,0,0,0,0,4,2,15,0,0,8,0,0,0,1,34,b
35,20,8,20,9,0,3,5,18,275,0,0,12,9,0,0,0,0,5,2,13,0,0,7,0,0,0,2,35,b
43,20,12,21,9,0,5,6,19,269,0,0,17,10,0,0,0,0,7,3,14,0,0,9,0,0,0,2,41,b
917,83,75,41,334,0,41,30,175,5611,0,0,270,162,0,0,0,0,16,24,18,0,0,528,0,0,0,104,604,b
249,84,87,52,46,0,15,22,86,728,0,0,59,46,0,0,0,0,48,18,15,0,0,16,0,0,0,3,121,b
149053,13749,50479,11310,8960,0,2114,14972,10459,41926,0,0,17436,13632,15,1,32,0,4189,314,8030,97,0,2042,53,3,0,527,15409,b
336,83,91,68,50,0,35,42,108,900,0,0,79,47,0,0,0,0,27,10,39,0,0,18,0,0,0,34,144,b
101,47,28,35,21,0,9,10,51,506,0,0,19,27,0,0,0,0,19,2,17,0,0,13,0,0,0,18,75,b
73,40,24,29,15,0,6,11,45,478,0,0,22,30,0,0,0,0,19,3,16,0,0,9,0,0,0,3,69,b
640,174,135,69,93,0,61,47,115,1266,0,0,110,152,0,0,0,0,59,48,50,1,0,26,0,0,0,31,202,b
102,29,25,21,18,0,14,7,35,412,0,0,14,11,0,0,0,0,8,2,12,0,0,7,0,0,0,2,46,b
630,358,136,243,128,0,57,77,147,1734,0,0,134,165,0,0,0,0,83,18,51,1,0,31,0,0,0,78,192,b
38,21,10,21,10,0,3,5,16,255,0,0,12,8,0,0,0,0,5,3,16,0,0,9,0,0,0,3,40,b
335,76,68,70,48,0,20,15,74,641,0,0,63,43,0,0,0,0,19,2,37,0,0,30,0,0,0,5,108,b
88,28,23,21,14,0,5,8,38,407,0,0,12,15,0,0,0,0,7,2,17,1,0,8,0,0,0,4,53,b
66,29,13,23,10,0,6,6,26,352,0,0,14,8,0,0,0,0,5,3,14,0,0,8,0,0,0,4,42,b
6323,821,1052,656,717,0,305,461,647,4275,0,0,723,1100,4,0,2,0,423,84,497,7,0,146,1,0,0,1115,1154,b
253,68,61,46,47,0,17,39,98,830,0,0,50,55,0,0,0,0,35,19,46,0,0,17,2,0,0,57,105,b
55970,5839,7672,5444,7059,0,5074,5359,4750,24184,0,0,13838,5509,12,5,40,3,1308,390,4525,174,1,1842,19,0,0,1395,8080,b
28185,4529,5120,3830,3812,0,2917,3123,2751,31829,0,0,4246,5809,217,0,44,0,2218,877,2437,46,0,1138,33,5,0,7439,5788,b
730,150,186,109,83,0,19,95,168,1069,0,0,152,169,0,0,0,0,69,53,90,1,0,26,0,0,0,86,211,b
209273,44324,43396,30338,40506,0,42674,38065,42895,295772,0,0,36031,45895,675,28,379,0,13768,4218,9487,980,1,11661,36,20,2,4274,59965,b
751,197,233,98,69,0,73,26,171,1335,0,0,153,116,0,0,0,0,51,25,38,0,0,25,0,0,0,41,202,b
9084,1378,2219,1246,1013,0,554,948,1021,8105,0,0,1147,1802,0,0,3,0,598,92,1108,23,0,394,3,3,0,852,2384,b
52,28,23,21,13,0,4,8,28,347,0,0,14,10,0,0,0,0,6,3,14,0,0,7,0,0,0,5,40,b
6195,945,1437,970,760,0,352,793,963,5230,0,0,1094,1114,7,0,2,0,626,185,446,8,0,167,6,0,0,486,1402,b
31419,4526,8672,4344,4005,0,8906,5294,3523,22948,0,0,4202,9774,2,0,5,0,1926,4576,2556,25,0,800,39,1,0,14295,5438,b
400,93,96,82,47,0,26,60,123,992,0,0,86,252,0,0,0,0,55,139,33,1,0,24,0,0,0,48,135,b
8603,1534,1549,1351,1206,0,501,966,1010,10103,0,0,1242,2452,0,0,7,0,1085,597,856,13,0,304,10,3,0,3760,2436,b
693,147,213,75,148,0,50,97,192,1441,0,0,104,86,0,0,1,0,66,36,43,2,0,18,0,0,0,166,260,b
42,23,14,21,10,0,4,6,23,314,0,0,12,9,0,0,0,0,5,2,16,0,0,8,0,0,0,3,48,b
3106,524,811,455,414,0,203,446,708,6339,0,0,432,340,4,0,2,0,179,45,337,7,0,88,0,1,0,14,762,b
33,19,8,21,9,0,3,5,18,276,0,0,12,9,0,0,1,0,5,2,13,0,0,7,0,0,0,2,35,b
1194,195,322,112,278,0,135,120,294,1502,0,0,185,504,0,0,0,0,120,58,38,0,0,50,0,0,0,55,278,b
954,86,121,65,172,0,50,37,106,706,0,0,78,215,0,0,0,0,47,3,43,0,0,18,1,0,0,76,146,b
136,33,7,38,8,0,4,7,24,372,0,0,14,10,0,0,0,0,4,49,16,0,0,22,0,0,0,8,72,b
88,32,18,24,19,0,5,6,25,373,0,0,14,11,0,0,0,0,8,5,16,0,0,12,0,0,0,8,69,b
202,63,47,48,52,0,22,30,62,1693,0,0,43,41,0,0,2,0,31,4,28,0,0,69,0,0,0,42,151,b
87,30,21,21,9,0,8,7,32,433,0,0,14,11,0,0,0,0,6,8,17,0,0,10,0,0,0,13,60,b
33118,3754,5620,3211,8052,0,3654,3433,5676,23887,0,0,3483,3259,25,0,2,0,906,264,1377,93,0,896,14,2,0,1889,4653,b
1299,264,247,192,237,0,92,112,250,2022,0,0,219,257,2,0,0,0,60,27,163,1,0,47,1,0,0,95,414,b
13279,1295,2242,1178,1901,0,1081,1462,1468,7337,0,0,1326,1069,5,0,4,0,357,57,1063,13,0,325,11,0,0,635,1623,b
3797,565,1011,491,524,0,495,515,595,3242,0,0,538,732,0,0,1,0,181,191,408,9,0,133,0,0,0,258,738,b
369,131,126,91,44,0,15,48,97,1141,0,0,134,161,0,0,0,0,59,7,29,0,0,16,1,0,0,51,141,b
4609,487,1106,416,835,0,941,799,675,7509,0,0,620,937,3,0,3,0,262,692,540,4,0,152,1,0,0,791,1008,b
34,17,6,20,8,0,3,5,14,252,0,0,12,8,0,0,0,0,5,2,16,0,0,8,0,0,0,1,34,b
712,246,219,128,108,0,63,110,216,1559,0,0,112,109,0,0,1,0,51,17,97,1,0,32,0,0,0,110,279,b
36,21,10,22,10,0,3,5,18,268,0,0,13,10,0,0,0,0,4,3,14,0,0,7,0,0,0,2,33,b
54,18,7,19,10,0,3,6,16,250,0,0,12,8,0,0,0,0,4,2,15,0,0,9,0,0,0,4,54,b
51,21,9,22,10,0,5,5,18,267,0,0,17,10,0,0,0,0,6,3,15,0,0,8,0,0,0,3,41,b
2413,437,1042,368,195,0,140,342,532,3083,0,0,522,365,0,0,0,0,232,154,128,0,0,55,3,0,0,155,603,b
800,235,170,146,129,0,61,133,222,1542,0,0,149,458,0,0,0,0,109,37,95,0,0,30,3,0,0,47,333,b
1896,316,594,325,487,0,465,168,338,1815,0,0,199,151,0,0,0,0,96,28,154,2,0,91,0,0,0,118,376,b
351,73,133,37,36,0,17,37,82,847,0,0,98,52,0,0,0,0,38,90,44,0,0,17,1,0,0,43,130,b
97,31,28,23,22,0,23,8,35,387,0,0,14,11,0,0,0,0,8,7,14,0,0,8,0,0,0,2,49,b
665,203,119,127,58,0,53,32,164,1622,0,0,124,57,0,0,1,0,62,21,70,1,0,35,0,0,0,7,285,b
34,18,6,19,8,0,3,5,14,254,0,0,12,8,0,0,0,0,4,4,16,0,0,8,0,0,0,1,35,b
1699,331,356,230,318,0,132,169,336,2431,0,0,269,375,2,0,0,0,84,56,201,2,0,81,1,0,0,122,451,b
102,41,25,30,27,0,15,8,45,485,0,0,20,13,0,0,0,0,20,5,19,0,0,10,0,0,0,8,82,b
81,37,20,30,24,0,11,10,37,471,0,0,24,8,0,0,0,0,14,7,18,0,0,11,0,0,0,8,72,b
983121,134576,257123,103551,151236,0,184251,90966,102388,588435,0,0,127273,113075,674,9,543,0,49937,27201,71145,1352,5,22131,120,55,7,15802,144135,b
308,85,82,70,58,0,47,25,90,719,0,0,73,73,0,0,0,0,43,30,35,0,0,12,0,0,0,1,119,b
3802,794,1175,759,489,0,680,776,685,3976,0,0,843,687,0,0,2,0,183,127,577,8,0,235,3,0,0,176,1403,b
369,131,126,91,44,0,15,48,97,1141,0,0,134,161,0,0,0,0,59,7,29,0,0,16,1,0,0,51,141,b
36,21,8,20,9,0,3,5,15,263,0,0,11,9,0,0,1,0,4,3,17,0,0,8,0,0,0,1,36,b
781,186,250,106,138,0,68,70,205,1737,0,0,169,289,1,0,3,0,117,47,44,0,0,44,0,0,0,126,283,b
715,151,145,99,126,0,58,60,129,1057,0,0,73,123,0,0,0,0,53,36,53,0,0,24,0,0,0,31,163,b
4142,536,879,421,721,0,325,475,651,3605,0,0,617,582,21,0,0,0,178,40,394,4,0,151,2,0,0,269,694,b
274,54,40,54,61,0,33,30,89,664,0,0,59,47,0,0,0,0,35,6,42,0,0,17,0,0,0,10,96,b
32,21,9,18,9,0,4,5,17,270,0,0,13,10,0,0,0,0,4,3,13,0,0,7,0,0,0,1,33,b
641,175,159,143,92,0,65,75,162,1335,0,0,97,95,0,0,1,0,60,125,93,1,0,30,0,0,0,69,269,b
37,22,13,21,11,0,4,5,19,284,0,0,12,9,0,0,0,0,4,3,14,0,0,7,0,0,0,3,38,b
973,191,146,133,163,0,116,126,186,1864,0,0,108,317,0,0,1,0,67,17,56,1,0,20,1,0,0,7,264,b
51,26,21,27,10,0,3,7,24,321,0,0,12,8,0,0,0,0,5,2,17,0,0,14,0,0,0,5,53,b
37,22,10,22,9,0,4,5,18,268,0,0,13,11,0,0,0,0,4,3,15,0,0,7,0,0,0,2,36,b
80,23,26,20,21,0,3,6,24,318,0,0,12,10,0,0,0,0,6,2,14,0,0,7,0,0,0,2,42,b
39,22,13,22,9,0,3,6,16,265,0,0,11,8,0,0,0,0,4,2,17,0,0,10,0,0,0,1,37,b
294,78,94,47,35,0,11,31,96,916,0,0,104,78,0,0,0,0,52,9,29,0,0,14,0,1,0,22,138,b
2076,351,410,247,366,0,141,185,386,2543,0,0,388,377,3,0,0,0,97,41,250,4,0,111,3,0,0,180,519,b
38,17,6,21,9,0,3,6,15,277,0,0,12,9,0,0,0,0,4,2,15,0,0,7,0,0,0,1,39,b
283,84,106,99,26,0,20,27,111,1148,0,0,100,21,0,0,0,0,78,3,30,0,0,21,1,0,0,77,189,b
35,24,15,22,8,0,3,6,16,273,0,0,14,10,0,0,0,0,4,2,16,0,0,8,0,0,0,1,43,b
1856,323,375,243,206,0,155,264,339,1725,0,0,207,167,0,0,0,0,44,22,72,7,0,53,0,0,0,97,365,b
41915,4700,7420,4496,6296,0,4442,5089,4654,19057,0,0,5825,3679,10,0,24,3,1130,153,4254,76,0,1242,12,0,0,1373,5207,b
140,47,53,36,24,0,5,16,63,612,0,0,49,38,0,1,0,0,26,11,23,0,0,15,0,0,0,16,81,b
35,18,6,19,9,0,3,5,15,252,0,0,13,9,0,0,0,0,4,2,15,0,0,8,0,0,0,1,34,b
172,58,46,30,21,0,16,14,71,716,0,0,37,51,0,0,1,0,23,6,18,0,0,15,0,0,0,25,90,b
292,49,77,39,48,0,32,25,56,543,0,0,66,30,0,0,1,0,22,6,28,0,0,15,3,0,0,73,73,b
1206,320,280,238,202,0,146,170,270,4518,0,0,210,147,1,0,1,0,153,123,145,2,0,73,0,0,0,17,392,b
55,27,13,23,16,0,5,5,21,317,0,0,16,9,0,0,0,0,7,3,14,0,0,7,0,0,0,4,43,b
140,60,31,50,16,0,17,9,52,523,0,0,29,36,0,0,0,0,22,8,26,0,0,11,0,0,0,4,103,b
482,102,163,70,67,0,22,58,138,1370,0,0,124,163,0,0,0,0,54,13,35,1,0,18,0,0,0,41,229,b
39,19,9,21,9,0,3,5,16,258,0,0,11,8,0,0,0,0,4,4,17,0,0,9,0,0,0,3,32,b
923,243,188,142,101,0,67,95,175,1710,0,0,135,69,1,0,0,0,82,9,109,0,0,44,0,0,0,153,325,b
61,24,13,24,10,0,3,6,18,288,0,0,11,8,0,0,0,0,4,3,19,0,0,11,0,0,0,6,46,b
356,58,32,42,34,0,14,19,63,613,0,0,34,45,0,0,0,0,27,2,24,0,0,22,0,0,0,24,114,b
3362,491,840,495,581,0,317,548,482,3477,0,0,388,990,1,0,1,0,308,85,340,17,0,150,1,0,0,534,938,b
53,37,14,32,8,0,10,6,29,491,0,0,20,14,0,0,0,0,20,2,15,0,0,8,0,0,0,15,71,b
5225,564,1177,422,662,0,341,658,726,4991,0,0,616,957,3,0,0,0,360,219,351,5,0,95,5,0,0,109,902,b
562,206,191,165,41,0,32,178,201,1472,0,0,157,75,0,0,0,0,133,37,56,4,0,61,0,0,0,3,298,b
2955,930,1043,763,471,0,90,173,787,5461,0,0,384,519,0,0,1,0,477,82,206,4,0,163,1,0,0,4,1543,b
11993,1584,2611,1344,1657,0,1122,1418,1440,8957,0,0,1618,1797,8,0,1,0,547,333,1130,13,0,371,2,3,0,1031,2151,b
149,43,29,31,24,0,11,6,44,491,0,0,25,17,0,0,0,0,17,2,18,0,0,9,0,0,0,10,77,b
1524,491,309,242,327,0,163,171,330,2409,0,0,269,596,3,0,1,0,156,707,149,1,0,55,0,0,0,149,459,b
51,22,15,22,12,0,4,8,20,266,0,0,11,9,0,0,0,0,4,2,15,0,0,10,0,0,0,2,38,b
115,47,26,32,17,0,13,13,52,533,0,0,23,35,0,0,1,0,15,3,19,0,0,13,0,0,0,6,84,b
2083,278,505,238,270,0,118,281,265,1494,0,0,395,155,6,0,1,0,48,16,221,0,0,54,0,0,0,94,355,b
98,43,24,30,14,0,10,10,39,489,0,0,15,19,0,0,0,0,12,4,21,0,0,13,0,0,0,21,85,b
60,24,18,21,10,0,4,7,20,301,0,0,11,11,0,0,0,0,5,2,16,0,0,11,0,0,0,5,48,b
565,134,120,121,84,0,31,81,129,1115,0,0,83,42,0,0,1,0,46,10,78,4,0,41,0,0,0,30,201,b
137583,14907,30874,14238,17721,0,13099,19362,13385,53820,0,0,18395,19594,29,5,40,0,5397,847,13017,114,0,3418,221,28,0,5193,18064,b
5969,438,1138,200,453,0,550,418,628,3110,0,0,226,676,0,0,2,0,338,229,47,4,0,103,0,0,0,560,843,b
1324,247,351,205,222,0,98,125,296,2207,0,0,242,274,0,0,1,0,63,80,176,5,0,63,0,0,0,194,441,b
40,22,13,23,11,0,3,9,17,283,0,0,17,11,0,0,0,0,7,2,16,0,0,11,0,0,0,2,52,b
39,22,11,24,10,0,3,7,16,271,0,0,11,8,0,0,0,0,4,2,19,0,0,11,0,0,0,1,47,b
67,23,12,22,9,0,9,6,27,347,0,0,20,15,0,0,0,0,6,2,14,0,0,6,0,0,0,1,44,b
112,25,35,21,9,0,4,6,17,276,0,0,11,13,0,0,0,0,6,3,18,0,0,9,0,0,0,3,37,b
23953,3366,5231,3868,3743,0,2859,2991,3066,15074,0,0,4138,3631,5,0,4,0,1024,823,2269,16,0,521,22,1,0,1210,3538,b
52,23,14,22,11,0,6,5,23,308,0,0,13,9,0,0,0,0,6,3,14,0,0,9,0,0,0,4,40,b
510,159,155,103,77,0,19,49,146,1234,0,0,71,139,3,0,0,0,98,26,46,0,0,30,0,0,0,61,231,b
2762,438,504,378,356,0,190,571,514,2615,0,0,357,372,1,0,0,0,118,56,342,5,0,156,0,0,0,335,601,b
1739,226,398,184,288,0,181,266,341,1705,0,0,178,295,19,0,0,0,62,16,190,2,0,50,1,0,0,68,315,b
35,23,8,22,9,0,3,7,18,276,0,0,12,9,0,0,0,0,4,2,13,0,0,6,0,0,0,1,38,b
9221,2178,2853,2514,1350,0,184,1554,1173,8182,0,0,1266,1664,0,0,5,0,733,148,1061,5,0,438,0,0,0,3,2888,b
31746,3574,5208,2963,7817,0,3529,3041,5436,23223,0,0,3523,3223,24,0,12,0,898,213,1511,37,0,892,14,1,0,2301,4594,b
2461,272,548,181,520,0,228,343,383,1800,0,0,272,410,0,0,1,0,181,53,221,2,0,53,4,0,0,351,342,b
646,110,96,83,70,0,46,67,138,1715,0,0,53,80,0,0,1,0,34,11,68,1,0,27,0,0,0,223,199,b
995781,135592,259693,104633,153189,0,186788,92934,103595,587524,0,0,127877,113733,669,9,549,0,50034,27511,71793,1484,5,22106,120,58,6,10124,146554,b
197,31,19,27,10,0,11,64,19,346,0,0,19,17,0,0,0,0,7,7,19,0,0,14,0,0,0,5,60,b
108,23,8,27,13,0,12,5,19,270,0,0,18,11,0,0,0,0,12,2,13,0,0,7,0,0,0,1,37,b
7867,1871,2456,1925,1658,0,722,853,1405,8765,0,0,1264,892,0,0,2,0,1081,136,864,12,0,329,0,0,0,129,3173,b
15237,1748,3290,1926,2062,0,1583,2401,2025,10381,0,0,2120,2899,7,0,6,0,577,192,1238,9,0,435,9,0,0,558,2737,b
47481,7259,7295,4410,12020,0,4605,4842,7830,53208,0,0,5435,11687,34,4,19,0,4352,312,1754,88,0,1113,17,1,1,4515,11113,b
39,19,7,20,9,0,3,5,17,261,0,0,12,8,0,0,0,0,4,3,16,0,0,9,0,0,0,3,35,b
885,117,200,81,179,0,77,121,147,1074,0,0,154,133,0,0,1,0,51,126,82,0,0,24,1,0,0,86,215,b
1574,397,408,375,255,0,183,317,352,2157,0,0,349,230,0,0,1,0,61,36,249,1,0,144,3,0,0,59,566,b
263,54,62,40,55,0,34,41,76,587,0,0,58,70,0,0,0,0,24,3,21,0,0,14,0,0,0,10,89,b
65,29,16,23,13,0,8,7,27,350,0,0,15,10,0,0,0,0,6,2,17,0,0,9,0,0,0,2,58,b
1848,323,370,241,205,0,155,263,340,1734,0,0,209,168,0,0,0,0,44,22,69,7,0,56,0,0,0,99,375,b
1896,316,594,325,487,0,465,168,338,1815,0,0,199,151,0,0,0,0,96,28,154,2,0,91,0,0,0,118,376,b
46,27,13,23,12,0,5,5,24,315,0,0,15,10,0,0,0,0,6,3,14,0,0,6,0,0,0,4,42,b
3566,522,740,433,803,0,175,355,599,3412,0,0,725,777,2,0,0,0,166,53,402,12,0,159,1,0,0,229,712,b
37,17,6,19,8,0,3,6,14,252,0,0,13,8,0,0,0,0,4,2,15,0,0,8,0,0,0,1,35,b
94,44,32,31,22,0,13,9,51,491,0,0,24,24,0,0,0,0,21,2,22,0,0,13,0,0,0,16,87,b
306,83,60,36,48,0,21,26,62,552,0,0,73,120,0,0,0,0,40,281,32,0,0,8,0,1,0,46,111,b
288,32,37,24,20,0,16,13,31,435,0,0,21,23,0,0,0,0,10,14,16,0,0,15,0,0,0,21,71,b
1899,326,339,244,391,0,136,174,347,2485,0,0,289,445,2,0,0,0,102,32,239,3,0,73,1,0,0,225,519,b
1085,84,94,54,147,0,34,48,148,782,0,0,108,168,0,0,0,0,48,2,44,0,0,11,0,0,0,27,155,b
299,127,106,76,67,0,18,59,143,1207,0,0,94,266,0,0,1,0,69,9,53,1,0,24,1,0,0,35,200,b
2938,430,534,340,555,0,178,366,573,3581,0,0,544,978,2,1,27,0,280,56,270,3,0,92,2,1,0,357,645,b
399,99,143,87,45,0,123,54,167,1172,0,0,108,67,0,0,0,0,77,29,26,0,0,17,0,0,0,0,183,b
136,52,43,37,17,0,7,13,47,537,0,0,28,21,0,0,0,0,19,2,20,0,0,11,0,0,0,10,82,b
717,212,207,106,89,0,44,87,156,1234,0,0,173,636,0,0,1,0,127,19,82,0,0,24,0,0,0,148,248,b
11993,1584,2611,1344,1657,0,1122,1417,1440,8957,0,0,1618,1797,8,0,1,0,547,333,1130,13,0,371,2,3,0,1031,2151,b
2915,324,672,368,337,0,159,392,492,2660,0,0,444,338,0,0,0,0,175,54,136,1,0,55,0,1,0,51,514,b
35,20,9,20,9,0,3,7,15,258,0,0,11,8,0,0,0,0,4,3,16,0,0,8,0,0,0,1,32,b
2736,414,474,365,350,0,187,565,504,2623,0,0,343,384,0,0,1,0,123,46,335,3,0,121,0,0,0,346,562,b
65,29,23,19,14,0,3,7,37,441,0,0,13,12,0,0,0,0,7,5,14,1,0,8,0,0,0,5,57,b
205,64,68,42,31,0,13,30,57,575,0,0,62,40,0,0,0,0,25,70,26,2,0,8,1,0,0,23,103,b
324,93,85,89,52,0,45,37,127,970,0,0,103,73,0,0,0,0,59,17,37,0,0,14,0,0,0,18,159,b
299,127,106,76,67,0,18,59,143,1207,0,0,94,266,0,0,1,0,69,9,53,1,0,24,1,0,0,35,200,b
41,23,16,20,8,0,4,6,14,265,0,0,11,8,0,0,0,0,4,2,15,0,0,10,0,0,0,2,34,b
1203,262,418,192,138,0,50,207,395,2956,0,0,260,552,1,0,0,0,206,52,96,0,0,31,0,0,0,25,491,b
92538,11410,19068,10739,14345,0,11092,8327,11148,68647,0,0,8465,5483,8,2,74,0,1326,570,10842,308,0,3162,69,5,0,4907,13021,b
110,42,21,31,25,0,13,9,45,490,0,0,23,22,0,0,0,0,19,2,17,0,0,11,1,0,0,7,76,b
37,17,6,20,8,0,3,5,15,252,0,0,12,8,0,0,0,0,4,2,15,0,0,8,0,0,0,3,37,b
1557,453,583,493,94,0,154,113,507,3419,0,0,241,148,0,0,0,0,263,20,141,2,0,63,0,0,0,0,612,b
68,30,17,32,19,0,6,9,26,329,0,0,16,11,0,0,0,0,4,2,21,0,0,16,0,0,0,7,66,b
209273,44324,43396,30338,40506,0,42674,38065,42895,295772,0,0,36031,45895,675,28,379,0,13768,4218,9487,980,1,11661,36,20,2,4274,59965,b
13974,2049,4445,1823,2514,0,2632,1802,2398,11142,0,0,2738,2516,26,0,1,0,653,145,1943,12,0,526,11,2,0,4812,3002,b
47,22,22,19,13,0,3,5,22,296,0,0,12,8,0,0,0,0,8,2,13,0,0,9,0,0,0,3,43,b
4188,763,646,614,885,0,362,460,551,3310,0,0,567,453,23,1,7,0,201,74,426,14,0,270,4,0,0,259,1228,b
276,66,94,48,53,0,15,45,68,672,0,0,63,53,0,0,0,0,25,78,26,0,0,12,1,0,0,29,106,b
44,22,12,19,10,0,4,6,19,285,0,0,11,12,0,0,0,0,7,6,14,0,0,5,0,0,0,2,38,b
48,17,6,19,8,0,3,5,16,252,0,0,12,8,0,0,0,0,4,3,16,0,0,8,0,0,0,3,37,b
33,18,7,19,8,0,3,5,14,252,0,0,13,9,0,0,0,0,4,2,16,1,0,9,0,0,0,1,36,b
46,21,10,20,10,0,4,5,17,255,0,0,11,8,0,0,0,0,4,3,15,0,0,9,0,0,0,1,35,b
359,63,60,45,68,0,47,34,101,5185,0,0,47,192,0,0,0,0,25,2,43,0,0,15,0,0,0,8,144,b
34,17,7,19,8,0,3,5,14,252,0,0,12,8,0,0,0,0,4,2,16,0,0,8,0,0,0,1,35,b
202,72,72,49,17,0,12,15,75,728,0,0,68,65,0,0,0,0,54,21,17,0,0,15,0,0,0,1,121,b
70868,7288,9734,6535,9329,0,6271,6963,6239,34672,0,0,15468,7722,13,7,49,3,2004,414,5748,190,1,2216,28,0,0,1864,10243,b
21553,2850,4422,2443,2587,0,2169,2924,2464,14154,0,0,2749,4811,6,0,8,0,1101,6025,1835,19,0,528,24,2,0,5591,3472,b
4879,1281,1475,1133,973,0,1832,566,690,6124,0,0,1472,1142,32,0,1,0,489,87,601,8,0,237,5,0,0,17,1805,b
1506,270,301,191,291,0,105,135,302,2192,0,0,239,228,2,0,1,0,70,27,174,2,0,51,1,0,0,136,388,b
132,45,25,30,31,0,15,10,42,475,0,0,38,25,0,0,0,0,15,2,28,0,0,8,0,0,0,16,78,b
40,23,13,22,8,0,4,7,16,263,0,0,12,8,0,0,0,0,4,2,18,0,0,10,0,0,0,1,37,b
137,30,16,30,17,0,5,11,20,312,0,0,17,63,0,0,0,0,5,3,17,0,0,11,0,0,0,2,49,b
1896,316,594,325,487,0,465,168,338,1815,0,0,199,151,0,0,0,0,96,28,154,2,0,91,0,0,0,118,376,b
260,55,32,38,27,0,12,12,53,610,0,0,27,31,0,0,0,0,23,2,23,0,0,10,0,0,0,9,86,b
56,36,12,23,9,0,5,6,18,275,0,0,18,9,0,0,0,0,5,3,13,0,0,10,0,0,0,4,46,b
34,19,8,20,9,0,3,5,16,260,0,0,11,8,0,0,0,0,4,3,16,0,0,8,0,0,0,1,34,b
35,18,6,20,8,0,3,6,14,252,0,0,12,8,0,0,0,0,4,2,16,0,0,8,0,0,0,1,35,b
590,186,116,105,48,0,35,36,150,1653,0,0,97,52,0,0,2,0,65,2,64,0,0,31,0,0,0,6,322,b
323,119,104,111,34,0,7,35,136,1124,0,0,98,86,0,0,0,0,67,19,46,1,0,22,0,0,0,42,188,b
61,22,13,21,11,0,6,7,16,279,0,0,12,8,0,0,0,0,6,2,17,0,0,10,0,0,0,1,49,b
2140,471,546,398,360,0,206,378,531,3521,0,0,370,414,0,0,1,0,194,50,284,1,0,109,2,0,0,97,705,b
37,25,14,25,10,0,3,6,18,293,0,0,12,8,0,0,0,0,4,2,15,0,0,8,0,0,0,3,45,b
96,37,23,32,14,0,12,9,35,452,0,0,19,14,0,0,0,0,15,2,16,0,0,9,0,0,0,8,69,b
1167,279,295,271,212,0,105,248,286,1969,0,0,257,240,0,0,1,0,95,35,161,1,0,116,4,0,0,69,396,b
33,19,8,21,9,0,3,5,18,276,0,0,12,9,0,0,1,0,5,2,13,0,0,7,0,0,0,2,35,b
323,42,37,33,11,0,72,32,35,468,0,0,29,18,0,0,0,0,8,2,27,0,0,17,0,0,0,11,88,b
38,19,8,21,9,0,3,5,16,259,0,0,11,8,0,0,0,0,4,3,17,0,0,9,0,0,0,3,34,b
1083,293,357,241,119,0,63,144,363,2180,0,0,235,244,0,0,2,0,159,81,73,0,0,21,0,0,0,102,307,b
208,30,10,149,11,0,5,8,17,409,0,0,20,16,0,0,0,0,4,12,14,1,0,8,0,0,0,5,561,b
41,22,13,22,11,0,3,8,17,282,0,0,16,12,0,0,0,0,7,2,16,0,0,12,0,0,0,2,49,b
4769,1216,1407,1111,930,0,1779,558,668,5361,0,0,1462,1050,23,0,1,0,443,87,574,5,0,243,5,0,0,18,1647,b
37,18,6,19,10,0,3,5,16,252,0,0,12,8,0,0,0,0,4,2,14,0,0,8,0,0,0,3,37,b
11153,1081,2502,825,1907,0,849,1398,1483,7760,0,0,1096,3827,15,0,6,0,1111,1659,817,5,0,259,1,0,0,2415,1931,b
7920,7821,668,2305,3435,0,455,619,642,180951,0,0,2887,2841,0,0,4,0,5168,7035,376,87,0,417,0,3,0,1656,5492,b
58,37,19,30,9,0,7,13,38,466,0,0,17,19,0,0,0,0,20,10,13,0,0,10,0,0,0,5,75,b
11993,1584,2611,1344,1657,0,1122,1417,1440,8957,0,0,1618,1797,8,0,1,0,547,333,1130,13,0,371,2,3,0,1031,2151,b
67,22,29,20,16,0,3,5,22,301,0,0,13,9,0,0,0,0,6,2,14,0,0,9,0,0,0,2,39,b
162,61,42,43,40,0,18,21,70,577,0,0,38,41,0,0,0,0,31,8,32,0,0,20,0,0,0,12,98,b
32,21,9,18,9,0,4,5,17,270,0,0,13,10,0,0,0,0,4,3,13,0,0,7,0,0,0,1,33,b
67,36,21,33,10,0,8,6,38,448,0,0,13,8,0,0,0,0,14,2,15,0,0,10,0,0,0,9,65,b
5802,598,908,480,1117,0,612,707,891,5175,0,0,617,655,0,0,7,0,145,3643,673,12,0,269,0,0,0,1317,823,b
339,51,65,40,45,0,18,14,50,541,0,0,43,316,0,0,0,0,21,16,23,0,0,10,0,0,0,36,69,b
46,19,9,20,10,0,4,5,16,256,0,0,11,8,0,0,0,0,5,3,15,0,0,9,0,0,0,2,37,b
97,29,11,30,10,0,8,6,21,292,0,0,19,10,0,0,0,0,7,2,17,0,0,9,0,0,0,4,49,b
171,57,59,37,26,0,9,29,52,558,0,0,54,22,0,0,0,0,13,66,25,0,0,11,1,0,0,17,88,b
4381,629,1076,532,955,0,411,497,760,6832,0,0,952,620,0,0,2,0,185,1505,494,9,0,161,0,2,0,907,1149,b
33,20,9,19,8,0,3,5,16,258,0,0,17,12,0,0,0,0,4,2,13,0,0,7,0,0,0,2,36,b
150,68,53,57,25,0,12,15,65,735,0,0,51,52,0,0,0,0,36,13,23,1,0,20,0,0,0,10,103,b
4814,1256,1436,1123,937,0,1823,565,672,6083,0,0,1482,1036,23,0,1,0,468,85,591,7,0,235,5,0,0,17,1728,b
39,20,8,20,9,0,4,5,16,258,0,0,11,8,0,0,0,0,4,3,16,0,0,9,0,0,0,3,32,b
3333,510,711,467,619,0,170,461,558,3318,0,0,541,628,3,0,1,0,129,54,465,5,0,186,1,0,0,173,749,b
34,20,7,22,8,0,3,6,16,260,0,0,14,11,0,0,0,0,4,2,13,0,0,7,0,0,0,1,35,b
360,135,123,80,49,0,14,22,115,1064,0,0,115,160,0,0,0,0,73,35,30,0,0,21,0,0,0,9,163,b
194,33,44,29,66,0,27,16,61,471,0,0,34,22,0,0,0,0,15,4,23,0,0,8,0,0,0,37,67,b
36,18,6,19,9,0,3,5,14,252,0,0,12,8,0,0,0,0,4,2,15,0,0,8,0,0,0,1,37,b
35,21,10,20,10,0,3,5,17,266,0,0,13,11,0,0,0,0,4,4,14,0,0,7,0,0,0,2,33,b
384,199,89,93,50,0,33,35,152,1837,0,0,73,150,0,0,1,0,66,8,53,1,0,35,0,0,0,5,425,b
1176,187,195,131,132,0,119,77,170,1622,0,0,260,258,0,0,0,0,69,56,99,0,0,29,0,1,0,41,289,b
66,21,23,24,9,0,3,7,16,277,0,0,13,8,0,0,0,0,6,2,17,0,0,10,0,0,0,2,41,b
91,25,18,22,13,0,5,6,25,325,0,0,12,12,0,0,0,0,9,2,15,0,0,9,0,0,0,4,57,b
57,22,13,20,9,0,6,7,16,275,0,0,12,8,0,0,0,0,4,2,17,0,0,11,0,0,0,3,49,b
34,17,6,19,8,0,3,5,14,252,0,0,12,8,0,0,0,0,4,2,15,0,0,8,0,0,0,1,35,b
164837,49478,58710,46540,16119,0,46508,26164,18739,186233,0,0,29135,19292,151,1,64,0,12449,4340,21289,301,0,7446,68,8,0,97,47562,b
226,88,85,81,26,0,9,25,103,873,0,0,61,44,0,0,0,0,31,8,32,0,0,16,0,0,0,21,128,b
1705,417,449,384,132,0,28,151,402,2861,0,0,329,772,0,0,0,0,248,23,107,1,0,40,1,0,0,214,647,b
35,23,13,22,8,0,3,6,15,264,0,0,12,8,0,0,0,0,4,2,17,0,0,9,0,0,0,3,36,b
1087,285,340,172,127,0,82,62,220,2098,0,0,272,495,1,0,0,0,138,76,76,2,0,85,0,0,0,10,324,b
58,20,11,23,9,0,5,6,20,282,0,0,11,8,0,0,0,0,4,2,14,0,0,11,0,0,0,8,46,b
76,29,13,31,19,0,7,11,31,418,0,0,25,9,0,0,0,0,8,4,18,0,0,7,0,0,0,9,58,b
128,36,33,20,16,0,6,7,30,435,0,0,13,34,0,0,0,0,9,12,15,0,0,10,0,0,0,19,65,b
6132,714,1149,633,1185,0,484,816,990,4823,0,0,802,838,21,1,10,0,188,58,703,4,0,200,10,0,0,341,1024,b
34,17,6,19,8,0,3,5,14,252,0,0,12,8,0,0,0,0,4,2,15,0,0,8,0,0,0,1,37,b
41,24,15,22,8,0,3,6,15,265,0,0,11,8,0,0,0,0,4,2,17,0,0,10,0,0,0,1,38,b
273,81,69,48,38,0,10,35,87,750,0,0,55,63,0,0,0,0,34,77,23,0,0,12,1,0,0,37,106,b
167,49,32,43,39,0,25,14,58,547,0,0,35,18,0,0,0,0,17,10,28,0,0,12,0,0,0,29,82,b
1357,191,323,153,144,0,55,185,300,1876,0,0,218,219,0,0,0,0,142,24,74,1,0,49,0,0,0,124,280,b
134,48,27,40,25,0,14,9,45,490,0,0,26,19,0,0,0,0,18,2,22,0,0,10,0,0,0,11,83,b
3329,525,942,437,518,0,172,310,526,3450,0,0,601,1374,0,0,3,0,323,91,373,4,0,97,1,0,0,457,901,b
475,146,222,81,79,0,136,92,162,1134,0,0,89,203,0,0,0,0,103,34,22,1,0,9,0,0,0,12,200,b
47623,7302,7252,4488,11946,0,4618,4866,7807,53189,0,0,5399,11658,34,6,25,0,4362,327,1788,92,0,1084,18,1,0,4516,11005,b
281,108,145,94,36,0,20,73,134,874,0,0,117,77,0,0,0,0,46,8,20,0,0,13,0,0,0,26,140,b
2128,264,439,148,379,0,200,247,394,2186,0,0,290,378,0,0,0,0,158,101,212,1,0,110,3,0,0,413,370,b
1819,350,323,261,357,0,108,139,363,2753,0,0,292,357,2,0,0,0,129,34,236,2,0,65,1,0,0,169,542,b
3002,566,587,363,301,0,198,185,513,6159,0,0,392,399,0,0,1,0,188,77,297,4,0,124,0,0,0,697,755,b
138,61,39,42,18,0,8,14,61,599,0,0,41,40,0,0,0,0,36,10,16,1,0,11,0,0,0,3,93,b
34,19,7,20,9,0,3,5,16,260,0,0,11,8,0,0,0,0,5,3,16,0,0,8,0,0,0,1,34,b
117,47,33,32,19,0,8,14,46,528,0,0,25,19,0,0,1,0,20,7,24,0,0,10,0,0,0,42,88,b
404,95,122,80,68,0,19,49,123,1003,0,0,112,153,0,0,1,0,44,13,40,0,0,17,0,0,0,51,146,b
37,18,6,19,9,0,3,6,16,259,0,0,12,8,0,0,0,0,4,2,15,0,0,8,0,0,0,1,35,b
3274,357,388,257,377,0,309,176,358,2719,0,0,918,601,2,0,0,0,101,37,227,0,0,69,1,0,0,188,492,b
59,28,15,35,15,0,3,8,28,319,0,0,13,11,0,0,0,0,4,2,21,0,0,17,0,0,0,4,52,b
13478,1284,2281,1165,1936,0,1103,1467,1512,6937,0,0,1289,1086,5,0,5,0,349,67,1092,13,0,318,11,0,0,608,1652,b
87,43,31,39,19,0,6,13,50,527,0,0,30,29,0,0,0,0,31,6,15,0,0,17,0,0,0,7,86,b
36,17,6,19,8,0,3,5,15,253,0,0,12,8,0,0,0,0,4,2,15,0,0,9,0,0,0,3,35,b
109,34,31,20,19,0,13,8,34,412,0,0,12,11,0,0,0,0,6,3,13,0,0,7,0,0,0,1,51,b
355,141,104,62,27,0,10,47,135,1157,0,0,81,112,0,0,0,0,90,21,31,0,0,19,0,0,0,20,201,b
1502,321,422,171,143,0,113,56,246,2196,0,0,351,260,0,0,1,0,147,41,110,1,0,66,0,0,0,70,370,b
1776,234,511,132,283,0,146,253,460,2763,0,0,349,458,5,0,1,0,153,32,122,1,0,39,0,0,0,72,342,b
1896,316,594,325,487,0,465,168,338,1815,0,0,199,151,0,0,0,0,96,28,154,2,0,91,0,0,0,118,376,b
2214,321,530,244,344,0,158,298,319,1809,0,0,393,449,0,0,2,0,156,232,215,2,0,58,1,0,0,194,457,b
169,51,44,43,32,0,22,19,67,556,0,0,32,53,0,0,1,0,34,2,21,0,0,12,0,0,0,0,72,b
8224,1444,1757,1512,988,0,534,922,1203,8947,0,0,1623,1582,0,0,2,0,727,294,865,17,0,279,9,0,0,508,2116,b
117,19,22,28,33,0,4,11,17,274,0,0,18,50,0,0,0,0,6,2,15,0,0,7,0,0,0,3,23,b
41,24,14,23,10,0,3,6,17,287,0,0,14,8,0,0,0,0,5,2,16,0,0,7,0,0,0,4,68,b
1383,268,260,196,265,0,94,128,269,2098,0,0,239,323,2,0,0,0,63,29,168,2,0,47,1,0,0,100,373,b
1162,191,292,143,200,0,83,165,215,1395,0,0,202,152,0,0,1,0,61,168,134,1,0,48,1,0,0,106,308,b
5150,482,1169,417,704,0,490,602,641,3285,0,0,461,1072,8,0,9,0,350,3604,372,3,0,121,0,0,0,748,805,b
37,24,11,23,10,0,3,5,22,298,0,0,11,9,0,0,0,0,5,3,15,0,0,9,0,0,0,4,44,b
990917,136051,257150,104992,153872,0,185917,92829,102973,589322,0,0,128245,113880,706,9,497,0,50215,27607,71470,1446,6,22199,120,55,6,14558,146987,b
375,149,79,60,56,0,26,36,89,1360,0,0,73,138,0,0,8,0,154,22,17,3,0,31,0,0,0,19,246,b
885,117,200,81,179,0,77,121,147,1074,0,0,154,133,0,0,1,0,51,126,82,0,0,24,1,0,0,86,215,b
369,131,126,91,44,0,15,48,97,1141,0,0,134,161,0,0,0,0,59,7,29,0,0,16,1,0,0,51,141,b
989742,135323,260148,104143,152905,0,185697,91802,102947,589510,0,0,127463,113377,675,30,506,0,49894,27407,71458,1295,6,22150,120,56,10,10140,146894,b
129,73,43,54,11,0,7,10,82,838,0,0,45,39,0,0,0,0,47,6,20,0,0,11,0,0,0,2,112,b
702,98,124,82,118,0,94,86,138,826,0,0,109,219,0,0,0,0,56,8,61,1,0,21,1,0,0,4,208,b
397,125,106,130,49,0,44,75,154,1207,0,0,137,72,0,0,0,0,75,17,50,3,0,25,0,0,0,0,190,b
80,30,23,23,15,0,10,10,31,352,0,0,18,11,0,0,0,0,8,5,18,0,0,11,0,0,0,2,58,b
888,151,169,95,152,0,94,57,214,1428,0,0,141,103,0,0,1,0,57,11,56,1,0,20,1,0,0,124,199,b
33,18,6,20,8,0,3,5,14,254,0,0,12,10,0,0,0,0,4,2,16,0,0,8,0,0,0,1,35,b
33,18,6,19,8,0,3,5,14,252,0,0,12,8,0,0,0,0,4,2,16,0,0,9,0,0,0,1,36,b
2514,421,396,251,554,0,235,244,429,2726,0,0,312,332,2,0,0,0,79,39,276,1,0,69,1,1,0,132,408,b
501,82,103,87,99,0,79,45,100,1085,0,0,112,57,0,0,0,0,48,16,34,3,0,15,0,0,0,5,172,b
2993,451,717,417,331,0,196,421,536,4343,0,0,485,732,1,0,1,0,134,126,317,2,0,126,0,0,0,457,741,b
2127,320,323,242,283,0,160,179,207,1524,0,0,333,643,1,0,1,0,142,15,128,2,0,40,0,0,0,123,454,b
44,26,14,21,9,0,5,8,27,326,0,0,15,10,0,0,0,0,6,2,14,0,0,8,0,0,0,2,40,b
2765,482,673,329,451,0,176,523,566,3330,0,0,460,384,0,0,0,0,140,30,339,6,0,107,2,0,0,453,590,b
34,24,7,21,8,0,3,5,16,256,0,0,14,10,0,0,0,0,4,3,13,1,0,6,0,0,0,1,34,b
81,38,19,35,12,0,10,7,37,445,0,0,23,21,0,0,0,0,19,2,17,0,0,9,0,0,0,5,77,b
274,98,83,60,31,0,9,23,95,844,0,0,69,63,0,0,0,0,46,22,19,0,0,29,0,0,0,4,139,b
34,17,6,19,9,0,3,5,14,252,0,0,12,8,0,0,0,0,4,2,16,0,0,9,0,0,0,1,34,b
224,60,80,43,38,0,6,24,82,752,0,0,77,77,0,0,0,0,36,13,26,0,0,16,0,0,0,26,95,b
2028,425,392,239,286,0,170,205,338,3198,0,0,367,671,0,0,1,0,218,115,174,1,0,60,0,0,0,156,533,b
271,61,52,46,55,0,13,13,84,625,0,0,46,171,0,0,0,0,60,12,16,0,0,12,0,0,0,55,137,b
171,43,22,33,23,0,22,12,50,496,0,0,27,15,0,0,0,0,20,2,22,0,0,9,0,0,0,4,71,b
64,25,15,23,14,0,4,6,26,330,0,0,15,9,0,0,0,0,7,2,14,1,0,9,0,0,0,4,36,b
33,23,8,19,11,0,3,5,18,278,0,0,13,9,0,0,0,0,5,2,13,0,0,6,0,0,0,1,38,b
170,74,58,51,18,0,8,18,84,788,0,0,65,62,0,0,0,0,50,19,18,0,0,17,0,0,0,0,131,b
254,53,43,41,35,0,16,19,74,611,0,0,40,92,0,0,0,0,44,2,22,0,0,17,0,0,0,4,108,b
4855,691,1217,526,748,0,1122,660,815,4963,0,0,636,1169,3,0,0,0,390,227,361,4,0,93,4,0,0,2162,1358,b
1585,281,349,278,339,0,112,259,293,2106,0,0,256,138,0,0,0,0,85,33,154,2,0,54,5,0,0,80,344,b
36156,6705,9386,5834,6126,0,5938,2194,3987,20914,0,0,3844,2597,5,0,30,0,1000,685,2602,24,0,664,14,1,0,235,3786,b
36,20,9,20,9,0,3,5,16,261,0,0,12,8,0,0,0,0,4,3,16,0,0,8,0,0,0,1,31,b
1299,280,399,179,208,0,74,115,368,1995,0,0,280,305,0,0,0,0,105,599,110,0,0,53,0,0,0,257,372,b
202492,27229,38623,26681,31569,0,22296,18632,21299,124924,0,0,17098,11943,25,3,105,0,3552,962,22994,565,0,6668,86,7,0,5777,28841,b
15074,1490,2541,1405,2019,0,1169,1635,1684,9069,0,0,1415,1171,5,0,4,0,367,64,1210,15,0,419,11,0,0,578,1833,b
11993,1584,2611,1344,1657,0,1122,1417,1440,8957,0,0,1618,1797,8,0,1,0,547,333,1130,13,0,371,2,3,0,1031,2151,b
2573,385,690,328,236,0,245,504,461,2421,0,0,410,364,1,0,6,0,125,117,286,4,0,109,0,0,0,0,1298,b
75,20,14,18,11,0,4,5,16,261,0,0,15,12,0,0,0,0,5,12,13,0,0,6,0,0,0,13,38,b
1473,281,373,284,270,0,95,254,307,2351,0,0,290,426,0,0,1,0,115,34,170,2,0,112,1,0,0,22,430,b
369503,49277,92251,48856,45612,0,68341,28539,46377,304096,0,0,29579,24586,47,10,297,0,11332,3664,9807,1031,1,15710,123,22,8,1253,70612,b
599,120,103,57,55,0,44,57,93,806,0,0,93,143,0,0,0,0,44,42,49,1,0,20,0,0,0,61,121,b
34,19,6,19,8,0,3,5,14,259,0,0,12,8,0,0,0,0,4,2,15,0,0,8,0,0,0,1,34,b
63,26,16,22,9,0,4,6,21,299,0,0,15,11,0,0,0,0,7,2,16,1,0,9,0,0,0,5,50,b
866,243,192,207,175,0,91,163,199,1562,0,0,195,168,0,0,0,0,65,174,133,0,0,64,1,0,0,45,311,b
39,19,8,20,10,0,3,5,17,259,0,0,11,8,0,0,0,0,4,4,16,0,0,9,0,0,0,1,33,b
612,165,151,117,123,0,65,94,145,1161,0,0,109,65,12,0,0,0,29,18,96,4,0,34,0,0,0,76,203,b
48,25,14,23,9,0,5,6,21,283,0,0,11,8,0,0,0,0,6,2,19,0,0,12,0,0,0,3,50,b
95,21,22,20,10,0,6,7,16,272,0,0,11,8,0,0,0,0,4,2,17,0,0,11,0,0,0,3,49,b
361,105,99,65,77,0,37,43,123,901,0,0,87,29,0,0,0,0,30,9,34,0,0,19,1,0,0,0,132,b
4219,720,1230,534,517,0,663,649,669,3378,0,0,917,686,12,0,2,0,176,168,493,6,0,159,2,0,0,420,1074,b
53,21,11,21,9,0,5,7,17,276,0,0,12,11,0,0,0,0,4,2,18,0,0,11,0,0,0,3,53,b
841,108,168,34,68,0,50,67,135,1160,0,0,29,79,0,0,0,0,52,35,17,1,0,15,0,0,0,146,186,b
54,22,13,21,10,0,6,6,16,273,0,0,12,8,0,0,0,0,5,2,17,0,0,11,0,0,0,2,38,b
1030,195,198,108,178,0,84,100,249,1808,0,0,142,218,0,0,1,0,149,36,90,1,0,19,0,0,0,141,268,b
202,55,50,42,45,0,20,20,74,573,0,0,47,45,0,0,0,0,26,2,28,0,0,14,1,0,0,8,92,b
2005,452,420,292,305,0,234,257,374,3841,0,0,322,160,1,0,1,0,117,19,253,1,0,88,0,0,0,85,676,b
841,233,211,206,184,0,82,164,195,1524,0,0,199,202,0,0,0,0,76,155,130,1,0,65,1,0,0,48,332,b
118,33,26,26,10,0,8,7,21,337,0,0,11,16,0,0,0,0,4,2,19,0,0,13,0,0,0,10,63,b
153,57,37,45,38,0,41,25,71,707,0,0,42,53,0,0,0,0,23,9,35,0,0,16,1,0,0,89,89,b
48514,4306,8566,4697,7479,0,3525,4665,6233,31168,0,0,4078,5506,8,0,38,0,1028,277,5031,139,0,1336,8,7,0,5008,5349,b
108,40,24,29,28,0,9,10,40,443,0,0,29,21,0,0,0,0,16,12,18,0,0,8,0,0,0,4,78,b
1048,309,286,266,195,0,107,196,266,1908,0,0,226,211,0,0,1,0,94,209,157,1,0,111,1,0,0,51,430,b
32,19,7,22,9,0,3,6,16,260,0,0,14,10,0,0,0,0,4,2,14,0,0,7,0,0,0,1,35,b
2950,573,693,486,337,0,112,352,507,4861,0,0,457,1274,1,0,3,0,590,60,357,3,0,79,4,0,0,0,911,b
18533,2548,3031,2161,2432,0,1271,2136,2667,16988,0,0,2578,1315,7,0,24,0,435,226,1834,23,0,581,9,6,0,480,2699,b
4030,490,740,479,817,0,318,433,696,3442,0,0,460,508,21,0,0,0,97,48,410,7,0,142,3,0,0,512,655,b
14878,1437,3857,1234,4442,0,1726,1243,2602,18272,0,0,2180,2165,58,0,16,0,642,217,1776,16,0,348,9,0,0,219,6074,b
5500,1417,889,856,861,0,455,376,692,13157,0,0,1738,1510,0,1,9,0,628,88,525,13,0,365,3,0,0,816,2572,b
23953,3366,5231,3868,3743,0,2859,2991,3066,15074,0,0,4138,3631,5,0,4,0,1024,823,2269,16,0,521,22,1,0,1210,3538,b
35,19,6,19,9,0,3,5,14,252,0,0,12,8,0,0,0,0,4,2,15,0,0,8,0,0,0,1,37,b
1293,268,240,188,231,0,91,116,247,2059,0,0,243,264,2,0,1,0,55,29,166,3,0,53,1,0,0,98,406,b
376,59,50,40,64,0,32,29,80,597,0,0,41,38,0,0,0,0,22,3,28,0,0,12,0,0,0,10,85,b
3728,362,798,327,692,0,326,424,595,2755,0,0,600,483,2,0,1,0,137,25,301,5,0,87,0,0,0,112,466,b
1594,286,283,230,308,0,99,135,326,2382,0,0,273,252,2,0,0,0,68,38,198,0,0,55,1,0,0,126,421,b
1848,323,370,241,205,0,155,263,340,1734,0,0,209,168,0,0,0,0,44,22,69,7,0,56,0,0,0,99,375,b
6619,1209,1896,1432,432,0,189,764,1118,6569,0,0,928,382,0,0,0,0,530,128,682,12,0,244,1,0,0,73,1889,b
40,22,14,21,12,0,4,5,20,284,0,0,11,9,0,0,0,0,5,3,13,0,0,7,0,0,0,3,35,b
57,23,12,22,11,0,4,5,22,293,0,0,17,13,0,0,0,0,7,7,15,0,0,10,0,0,0,4,43,b
228,88,82,67,34,0,8,30,109,844,0,0,90,36,0,0,1,0,67,30,26,0,0,19,0,0,0,1,150,b
49,20,10,18,12,0,5,5,20,259,0,0,11,9,0,0,0,0,4,3,15,0,0,8,0,0,0,3,34,b
3945,631,858,551,381,0,193,443,522,4678,0,0,406,697,0,0,1,0,241,69,510,6,0,247,0,2,0,504,1108,b
33,22,7,20,8,0,3,5,16,256,0,0,14,11,0,0,0,0,4,2,13,0,0,6,0,0,0,1,36,b
14293,1941,2233,1714,2828,0,4052,734,986,8661,0,0,2286,1731,58,0,1,0,662,169,858,21,0,318,5,0,0,645,2154,b
6579,885,1702,717,529,0,218,765,679,3598,0,0,617,980,0,0,0,0,259,462,434,3,0,121,3,0,0,1496,832,b
309,139,74,80,27,0,13,26,89,908,0,0,77,49,0,0,0,0,54,17,17,0,0,16,0,0,0,5,120,b
116,34,32,23,22,0,23,10,39,424,0,0,17,10,0,0,0,0,8,8,14,0,0,7,0,0,0,2,57,b
41,22,8,19,9,0,4,6,15,259,0,0,11,8,0,0,0,0,4,3,14,0,0,8,0,0,0,1,36,b
4822,1260,1452,1126,929,0,1826,565,674,6087,0,0,1459,1045,23,0,1,0,474,95,600,7,0,240,5,0,0,15,1723,b
1627,245,288,180,242,0,149,156,268,1592,0,0,236,394,0,0,0,0,164,100,127,0,0,28,3,0,0,136,239,b
49,40,14,37,10,0,6,7,25,418,0,0,12,13,0,0,0,0,16,2,16,0,0,13,0,0,0,21,78,b
42,18,6,19,8,0,3,5,15,252,0,0,12,10,0,0,0,0,4,2,14,0,0,8,0,0,0,2,35,b
41,21,8,21,10,0,6,5,16,260,0,0,18,9,0,0,0,0,5,2,13,1,0,8,0,0,0,2,39,b
1014,197,310,186,160,0,214,71,151,1552,0,0,198,285,1,0,1,0,104,55,70,1,0,31,0,0,0,11,328,b
122,47,31,36,22,0,15,14,55,530,0,0,29,38,0,0,1,0,18,2,19,0,0,13,0,0,0,11,87,b
836,72,156,54,135,0,76,58,148,929,0,0,100,52,0,0,1,0,50,17,34,0,0,12,0,0,0,93,124,b
71,24,16,22,11,0,7,7,17,283,0,0,17,9,0,0,0,0,5,3,17,0,0,12,0,0,0,5,51,b
46,23,13,24,8,0,4,6,14,263,0,0,11,9,0,0,0,0,4,2,17,0,0,9,0,0,0,3,37,b
1708,448,329,252,380,0,112,183,306,2708,0,0,546,591,2,0,1,0,152,34,237,6,0,65,1,0,0,210,629,b
470,47,26,35,17,0,10,26,33,432,0,0,45,18,0,0,0,0,6,13,16,0,0,18,0,0,0,20,77,b
